City,Observations,Species,People
"Albuquerque, NM, USA",8230,1211,334
"Alexandria, VA, USA",1227,363,76
"Amarillo, TX, USA",594,247,23
"Angel R Cabada, Mexico",2969,678,33
"Ann Arbor, MI, USA",261,114,18
"Aracaju, Brazil",0,0,0
"Asheville, NC, USA",5438,1222,277
"Athens, Greece",73,56,12
"Atlanta, GA, USA",8920,1483,423
"Austin, TX, USA",16005,2295,752
"Baltimore, MD, USA",8499,1268,458
"Bangor, Lewiston/Auburn, Portland, ME, USA",549,237,83
"Banyoles, Catalonia",326,84,31
"Barcelona, Catalonia",3808,593,70
"Belo Horizonte, Brazil",4,4,4
"Bel‚m, Brazil",1,1,1
"Berlin, Germany",3003,596,732
"Birmingham, AL, USA",3323,1066,231
"Blacksburg, VA, USA",213,136,20
"Boa Vista, Brazil",1,1,1
"Bogot , Colombia",10583,1254,449
"Boston, MA, USA",20329,1574,1107
"Boulder-Denver Metro, CO, USA",6210,969,406
"Brasilia, Brazil",752,316,100
"Bristol & Bath City Region, UK",15350,1514,346
"Buenos Aires, Argentina",2527,572,105
"Calgary, Canada",4488,629,140
"Campo Grande, Brazil",1,1,1
"Canc£n, Mexico",1439,438,47
"Cape Town, South Africa",53763,4588,1141
"Catania, Italy",143,5,4
"Charlotte, NC, USA",8715,1213,377
"Charlottesville, VA, USA",460,241,46
"Chiayi, Taiwan",10130,1607,169
"Chicago, IL, USA",7985,1045,339
"Chihuahua, Mexico",3329,677,38
"Christchurch, New Zealand",17549,2377,312
"Ciudad de M‚xico, Mexico",9751,1216,354
"Cleveland-Akron-Canton, OH, USA",4126,972,273
"Colombo, Brazil",0,0,0
"Colorado Springs, CO, USA",3812,742,146
"Concepci¢n, Brazil",133,65,6
"Conde, Brazil",0,0,0
"Corpus Christi, TX, USA",2943,852,155
"Cotia, Brazil",1,1,1
"Cuiab , Brazil",3,3,1
"Curitiba, Brazil",63,50,9
"Dallas - Fort Worth, TX, USA",36370,2637,1008
"Diamantina, Brazil",0,0,0
"Duluth, MN, USA",541,158,88
"El Paso, TX, USA",1161,368,49
"Ensenada, Mexico",11134,1442,247
"Eugene-Springfield, OR, USA",2841,719,114
"Florian¢polis, Brazil",8,6,4
"Fort Collins, CO, USA",1996,512,157
"Fortaleza, Brazil",1,1,1
"Georgetown, Malaysia",7521,1213,167
"Glasgow, Scotland",134,91,8
"Goiƒnia, Brazil",3,1,2
"Greater Manchester, UK",5096,806,135
"Halifax, NS, Canada",7647,912,237
"Hermosillo, Mexico",4227,595,55
"Hoboken, NJ, USA",257,92,17
"Hong Kong SAR, China",31144,3596,1128
"Houston, TX, USA",24534,3367,898
"Indianapolis, IN, USA",2882,643,168
"Itapetininga, Brazil",0,0,0
"Jo?o Pessoa, Brazil",0,0,0
"Karlovac, Croatia",147,105,5
"Klang Valley, Malaysia",37916,3020,518
"La Paz, Bolivia",46931,3005,1500
"La Plata, Argentina",670,287,22
"Lake Charles, LA, USA",2653,924,62
"Lansing, MI, USA",305,131,32
"Lecce, Italy",324,39,15
"Leicester, UK",4190,835,85
"Lima, Peru",1160,290,57
"Liverpool City Region, UK",12326,1075,121
"Logan, UT, USA",603,206,28
"London, UK",5464,1110,270
"Los Angeles County, CA, USA",34125,3249,1555
"Lower Rio Grande Valley, TX, USA",8773,1870,127
"Luxembourg, Luxembourg",8220,1083,417
"Macap , Brazil",0,0,0
"Macau SAR, China",252,158,21
"Macei¢, Brazil",0,0,0
"Madrid, Spain",4872,883,85
"Manaus, Brazil",766,357,4
"Manhattan, KS, USA",332,135,25
"Maui, HI, USA",368,234,22
"Mazatl n, Mexico",27684,2500,511
"Medell¡n, Colombia",14178,2480,451
"Miami & Upper Keys, FL, USA",12127,1966,536
"Minneapolis/St. Paul, MN, USA",5672,703,439
"Monterrey, Mexico",15529,2129,332
"Nairobi, Kenya",1666,350,30
"Naples, Italy",776,299,46
"Nashville, TN, USA",2292,715,168
"Natal, Brazil",24,22,1
"New Orleans, LA, USA",749,402,87
"New York, NY, USA",25803,1637,466
"Newcastle Upon Tyne, UK",3041,670,132
"Newport News, VA, USA",1332,334,48
"Niteroi, Brazil",5,3,1
"Omaha, NE, USA",1895,532,139
"Ostuni, Italy",293,60,12
"Palmas, Brazil",0,0,0
"Pamplona - Iru¤a, Spain",1473,355,41
"Panam , Panam ",5225,1193,298
"Parintins, Brazil",0,0,0
"Philadelphia, PA, USA",13693,1584,565
"Pittsburgh, PA, USA",5198,965,259
"Port Aransas, TX, USA",816,367,34
"Port Harcourt, Nigeria",591,300,31
"Porto Alegre, Brazil",1,1,1
"Porto Velho, Brazil",3,2,1
"Prague, Czech Republic",7757,998,446
"Quito, Ecuador",36401,666,1372
"Raleigh, NC, USA",14054,1958,449
"Recife, Brazil",3,3,1
"Richmond, BC, Canada",1219,261,81
"Richmond, VA, USA",417,228,69
"Rio Branco, Brazil",470,207,13
"Rio de Janeiro, Brazil",3,2,3
"Rochester, NY, USA",978,371,86
"Rome, Italy",226,131,47
"Sacramento Region, CA, USA",9798,1279,536
"Salt Lake City, UT, USA",3646,594,219
"Salvador, Brazil",4,3,1
"San Antonio, TX, USA",7818,1452,461
"San Diego County, CA, USA",38241,3019,1188
"San Francisco Bay Area, CA, USA",38028,3183,1947
"Santarem, Brazil",8,8,2
"Santiago, Brazil",2414,474,181
"Seattle-Tacoma Metropolitan Area, WA, USA",2946,853,235
"Spartanburg, SC, USA",181,120,16
"St. Louis Metro Area, MO, USA",13758,1606,779
"S?o Lu¡s, Brazil",0,0,0
"S?o Paulo, Brazil",324,137,24
"Tallahassee, FL, USA",11262,1845,408
"Taranto, Italy",988,187,38
"Tel Aviv, Israel",6,6,3
"Tena, Ecuador",37965,2653,1185
"Teresina, Brazil",0,0,0
"Teton-Yellowstone Communities, WY/ID, USA",234,98,12
"Tokyo, Japan",3897,633,154
"Torreon, Mexico",269,131,11
"Trento, Italy",166,72,6
"Trinitapoli, Italy",173,45,14
"Tulsa, OK, USA",196,142,38
"Tuxtla Gutierrez, Mexico",5744,990,439
"Vail, CO, USA",90,69,8
"Vicenza-Padova, Italy",94,64,11
"Victoria, Mexico",249,163,12
"Vit¢ria, Brazil",0,0,0
"Washington, D.C., USA",29942,2258,1258
"Wilmington, DE, USA",445,202,46
"Youngstown, OH, USA",109,77,18
"Zagreb, Croatia",58,54,6
