Family,ScientificName,ScientificNameAuthorship,Notes,TaxonId
ACAROSPORACEAE,"Acarospora sp.","A. Massal.",,51910
ACAROSPORACEAE,"Caeruleum sp.",Arcadia,,127671
ACAROSPORACEAE,"Eiglera sp.",Hafellner,,51968
ACAROSPORACEAE,"Glypholecia sp.",Nyl.,,51911
ACAROSPORACEAE,"Lithoglypha sp.",Brusse,,258713
ACAROSPORACEAE,"Myriospora sp.","Nägeli ex Uloth",,124752
ACAROSPORACEAE,"Pleopsidium sp.",Körb.,,51912
ACAROSPORACEAE,"Polysporina sp.",Vězda,,51913
ACAROSPORACEAE,"Sarcogyne sp.",Flot.,,51914
ACAROSPORACEAE,"Thelocarpella sp.","Nav.-Ros. & Cl. Roux",,262282
ACAROSPORACEAE,"Timdalia sp.",Hafellner,,128262
ACAROSPORACEAE,"Trimmatothelopsis sp.",Zschacke,,126306
ANDREIOMYCETACEAE,"Andreiomyces sp.","B.P. Hodk. & Lendemer",,256930
ANTENNULARIELLACEAE,"Antennulariella sp.",Woron.,,262226
APHANOPSIDACEAE,"Aphanopsis sp.","Nyl. ex Sydow",,235152
APHANOPSIDACEAE,"Steinia sp.",Körb.,,52006
ARCTOMIACEAE,"Arctomia sp.","Th. Fr.",,51925
ARCTOMIACEAE,"Gregorella sp.",Lumbsch,,148324
ARCTOMIACEAE,"Wawea sp.","Henssen & Kantvilas",,257986
ARTHONIACEAE,"Amazonomyces sp.","Bat. & Cavalc.",,129759
ARTHONIACEAE,"Arthonia sp.",Ach.,,51828
ARTHONIACEAE,"Arthothelium sp.","A. Massal.",,51831
ARTHONIACEAE,"Coniangium sp.",Fr.,,143536
ARTHONIACEAE,"Coniarthonia sp.",Grube,,124696
ARTHONIACEAE,"Coniocarpon sp.",DC.,,143542
ARTHONIACEAE,"Crypthonia sp.","Frisch & G. Thor",,257430
ARTHONIACEAE,"Cryptophaea sp.","Van den Broeck & Ertz",,262107
ARTHONIACEAE,"Cryptothecia sp.",Stirt.,,51829
ARTHONIACEAE,"Eremothecella sp.","Syd. & P. Syd.",,145880
ARTHONIACEAE,"Glomerulophoron sp.","Frisch, Ertz & G. Thor",,262110
ARTHONIACEAE,"Herpothallon sp.",Tobler,,65077
ARTHONIACEAE,"Inoderma sp.","(Ach.) Gray",,235521
ARTHONIACEAE,"Leprantha sp.","Dufour ex Körb.",,159257
ARTHONIACEAE,"Myriostigma sp.",Kremp.,,163005
ARTHONIACEAE,"Pachnolepia sp.",A.Massal.,,166246
ARTHONIACEAE,"Reichlingia sp.","Diederich & Scheid.",,262112
ARTHONIACEAE,"Sporodophoron sp.","Frisch, Y. Ohmura, Ertz & G. Thor",,257419
ARTHONIACEAE,"Stirtonia sp.","A.L. Sm.",,51830
ARTHONIACEAE,"Tylophoron sp.","Nyl. ex Stizenb.",,104389
ARTHONIALES_FAMILY_INCERTAE_SEDIS,"Angiactis sp.","Aptroot & Sparrius",,258035
ARTHONIALES_FAMILY_INCERTAE_SEDIS,"Bactrospora sp.","A. Massal.",,52171
ARTHONIALES_FAMILY_INCERTAE_SEDIS,"Bryostigma sp.","Poelt & Döbbeler",,124682
ARTHONIALES_FAMILY_INCERTAE_SEDIS,"Catarraphia sp.","A. Massal.",,139357
ARTHONIALES_FAMILY_INCERTAE_SEDIS,"Felipes sp.","Frisch & G. Thor",,261502
ARTHONIALES_FAMILY_INCERTAE_SEDIS,"Glyphopsis sp.",Aptroot,,262173
ARTHONIALES_FAMILY_INCERTAE_SEDIS,"Gossypiothallon sp.",Aptroot,,262174
ARTHONIALES_FAMILY_INCERTAE_SEDIS,"Helminthocarpon sp.",Fée,,51888
ARTHONIALES_FAMILY_INCERTAE_SEDIS,"Hormosphaeria sp.",Lév.,,235494
ARTHONIALES_FAMILY_INCERTAE_SEDIS,"Minksia sp.","Müll. Arg.",,162573
ARTHONIALES_FAMILY_INCERTAE_SEDIS,"Phoebus sp.","R.C. Harris & Ladd",,124771
ARTHONIALES_FAMILY_INCERTAE_SEDIS,"Sporostigma sp.",Grube,,124795
ARTHONIALES_FAMILY_INCERTAE_SEDIS,"Synarthonia sp.","Müll. Arg.",,186022
ARTHONIALES_FAMILY_INCERTAE_SEDIS,"Synarthothelium sp.",Sparrius,,262175
ARTHONIALES_FAMILY_INCERTAE_SEDIS,"Tarbertia sp.",Dennis,,262176
ARTHONIALES_FAMILY_INCERTAE_SEDIS,"Tylophorella sp.",Vain.,,188581
ARTHRORHAPHIDACEAE,"Arthrorhaphis sp.","Th. Fr.",,52200
ATHELIACEAE,"Athelia sp.",Pers.,,52275
ATHELIACEAE,"Athelopsis sp.","Oberw. ex Parmasto",,132937
BAEOMYCETACEAE,"Ainoa sp.","Lumbsch & I. Schmitt",,129371
BAEOMYCETACEAE,"Anamylopsora sp.",Timdal,,124670
BAEOMYCETACEAE,"Baeomyces sp.",Pers.,,52141
BAEOMYCETACEAE,"Parainoa sp.","Resl & T. Sprib.",,262448
BAEOMYCETACEAE,"Phyllobaeis sp.","Kalb & Gierl",,173064
BIATORELLACEAE,"Biatorella sp.","De Not.",,51941
BRIGANTIAEACEAE,"Brigantiaea sp.",Trevis.,,51943
CALICIACEAE,"Acolium sp.","(Ach.) Grev.",,129226
CALICIACEAE,"Acroscyphus sp.",Lév.,,51833
CALICIACEAE,"Allocalicium sp.","M. Prieto & Wedin",,257803
CALICIACEAE,"Amandinea sp.","M. Choisy ex Scheid. & H. Mayrhofer",,52082
CALICIACEAE,"Australiaena sp.","Matzer, H. Mayrhofer & Elix",,257940
CALICIACEAE,"Baculifera sp.","Marbach & Kalb",,124676
CALICIACEAE,"Buellia sp.","De Not.",,52084
CALICIACEAE,"Calicium sp.",Pers.,,51834
CALICIACEAE,"Chrismofulvea sp.",Marbach,,124690
CALICIACEAE,"Ciposia sp.",Marbach,,124691
CALICIACEAE,"Cratiria sp.",Marbach,,124697
CALICIACEAE,"Cyphelium sp.",Ach.,,51835
CALICIACEAE,"Dermatiscum sp.",Nyl.,,64172
CALICIACEAE,"Dermiscellum sp.","Hafellner, H. Mayrhofer & Poelt",,52086
CALICIACEAE,"Dimelaena sp.",Norman,,52087
CALICIACEAE,"Diploicia sp.","A. Massal.",,52088
CALICIACEAE,"Diplotomma sp.",Flot.,,52089
CALICIACEAE,"Dirinaria sp.","(Tuck.) Clem.",,52090
CALICIACEAE,"Endohyalina sp.",Marbach,,124705
CALICIACEAE,"Fluctua sp.",Marbach,,146332
CALICIACEAE,"Gassicurtia sp.",Fée,,124714
CALICIACEAE,"Hypoflavia sp.",Marbach,,149722
CALICIACEAE,"Monerolechia sp.",Trevis.,,162608
CALICIACEAE,"Orcularia sp.","(Malme) Kalb & Giralt",,128574
CALICIACEAE,"Pseudothelomma sp.","M. Prieto & Wedin",,257805
CALICIACEAE,"Pyxine sp.",Fr.,,52100
CALICIACEAE,"Redonia sp.","C.W. Dodge",,262295
CALICIACEAE,"Santessonia sp.","Hale & Vobis",,257929
CALICIACEAE,"Sculptolumina sp.",Marbach,,180846
CALICIACEAE,"Sphinctrinopsis sp.",Woron.,,262297
CALICIACEAE,"Stigmatochroma sp.",Marbach,,185710
CALICIACEAE,"Tetramelas sp.",Norman,,124802
CALICIACEAE,"Texosporium sp.","Nadv. ex Tibell & Hofsten",,51836
CALICIACEAE,"Thelomma sp.","A. Massal.",,51837
CALICIACEAE,"Tholurna sp.",Norman,,51838
CALICIACEAE,"Tylophoropsis sp.",Sambo,,188608
CANDELARIACEAE,"Candelaria sp.","A. Massal.",,51944
CANDELARIACEAE,"Candelariella sp.","Müll. Arg.",,51945
CANDELARIACEAE,"Candelina sp.",Poelt,,51946
CANDELARIACEAE,"Placomaronea sp.",Räsänen,,124773
CAPNODIALES_FAMILY_INCERTAE_SEDIS,"Racoleus sp.","R. Sant. & D. Hawksw.",,262085
CARBONICOLACEAE,"Carbonicola sp.","Bendiksby & Timdal",,256943
CATILLARIACEAE,"Austrolecia sp.",Hertel,,126273
CATILLARIACEAE,"Catillaria sp.","A. Massal.",,51948
CATILLARIACEAE,"Placolecis sp.",Trevis.,,174133
CATILLARIACEAE,"Solenopsora sp.","A. Massal.",,51952
CATILLARIACEAE,"Xanthopsorella sp.","Kalb & Hafellner",,51951
CELOTHELIACEAE,"Celothelium sp.","A. Massal.",,77332
CHRYSOTRICHACEAE,"Chrysothrix sp.",Mont.,,51832
CHRYSOTRICHACEAE,"Melarthonis sp.","Frisch & G. Thor",,262117
CLADONIACEAE,"Calathaspis sp.","I.M. Lamb & W.A. Weber",,262336
CLADONIACEAE,"Carassea sp.","S. Stenroos",,139248
CLADONIACEAE,"Cetradonia sp.","J.C. Wei & Ahti",,124686
CLADONIACEAE,"Cladia sp.",Nyl.,,126277
CLADONIACEAE,"Cladonia sp.","Hill ex P. Browne",,51954
CLADONIACEAE,"Gymnoderma sp.",Nyl.,,51955
CLADONIACEAE,"Heteromyces sp.","Müll. Arg.",,149585
CLADONIACEAE,"Metus sp.","D.J. Galloway & P. James",,162122
CLADONIACEAE,"Notocladonia sp.","S. Hammer",,164604
CLADONIACEAE,"Pilophorus sp.","Th. Fr.",,52131
CLADONIACEAE,"Pycnothelia sp.",Duf.,,51956
CLADONIACEAE,"Sphaerophoropsis sp.",Vain.,,183670
CLADONIACEAE,"Squamella sp.","S. Hammer",,262357
CLADONIACEAE,"Thysanothecium sp.","Mont. & Berk.",,187472
CLAVULINACEAE,"Multiclavula sp.","R.H. Petersen",,52274
COCCOCARPIACEAE,"Coccocarpia sp.",Pers.,,51957
COCCOCARPIACEAE,"Peltularia sp.","R. Sant.",,126295
COCCOCARPIACEAE,"Spilonema sp.",Bornet,,51958
COCCOTREMATACEAE,"Coccotrema sp.","Müll. Arg.",,52216
COCCOTREMATACEAE,"Gyalectaria sp.","Lumbsch, Kalb & Schmitt",,128548
COCCOTREMATACEAE,"Parasiphula sp.","Kantvilas & Grube",,166580
COENOGONIACEAE,"Coenogonium sp.","Ehrenb. ex Nees",,51902
COLLEMATACEAE,"Blennothallia sp.",Trevis.,,135646
COLLEMATACEAE,"Callome sp.","Otálora & Wedin",,256940
COLLEMATACEAE,"Collema sp.","F.H. Wigg",,51959
COLLEMATACEAE,"Enchylium sp.","(Ach.) Gray",,145373
COLLEMATACEAE,"Lathagrium sp.","(Ach.) Gray",,150444
COLLEMATACEAE,"Leptogium sp.","(Ach.) Gray",,51961
COLLEMATACEAE,"Paracollema sp.","Otálora & Wedin",,258083
COLLEMATACEAE,"Pseudoleptogium sp.","Müll. Arg.",,176130
COLLEMATACEAE,"Rostania sp.",Trevis.,,180180
COLLEMATACEAE,"Scytinium sp.","(Ach.) Gray",,256959
CONIOCYBACEAE,"Chaenotheca sp.","(Th. Fr.) Th. Fr.",,51839
CONIOCYBACEAE,"Sclerophora sp.",Chevall.,,51842
CORTICIACEAE,"Marchandiomphalina sp.","Diederich, Manfr. Binder & Lawrey",,260632
CYSTOCOLEACEAE,"Cystocoleus sp.","A. Massal.",,80590
DACAMPIACEAE,"Dacampia sp.","A. Massal.",,51859
DACAMPIACEAE,"Eopyrenula sp.","R.C. Harris",,51872
DACTYLOSPORACEAE,"Sclerococcum sp.",Fr.,,124789
DOTHIDEOMYCETES_FAMILY_INCERTAE_SEDIS,"Asteroporum sp.","Müll. Arg.",,132832
ELIXIACEAE,"Elixia sp.",Lumbsch,,128187
ELIXIACEAE,"Meridianelia sp.","Kantvilas & Lumbsch",,258538
EREMITHALLACEAE,"Eremithallus sp.","Lücking, Lumbsch & L. Umaña",,262224
FUSCIDEACEAE,"Fuscidea sp.","V. Wirth & Vězda",,52240
FUSCIDEACEAE,"Maronea sp.","A. Massal.",,52242
FUSCIDEACEAE,"Orphniospora sp.",Körb.,,52243
GLOEOHEPPIACEAE,"Gloeoheppia sp.",Gyeln.,,51805
GLOEOHEPPIACEAE,"Gudelia sp.",Henssen,,262092
GLOEOHEPPIACEAE,"Pseudopeltula sp.",Henssen,,52168
GOMPHILLACEAE,"Actinoplaca sp.","Müll. Arg.",,129280
GOMPHILLACEAE,"Aderkomyces sp.",Bat.,,129293
GOMPHILLACEAE,"Aplanocalenia sp.","Lücking, Sérus. & Vězda",,130613
GOMPHILLACEAE,"Arthotheliopsis sp.",Vain.,,127238
GOMPHILLACEAE,"Asterothyrium sp.","Müll. Arg.",,51894
GOMPHILLACEAE,"Aulaxina sp.",Fée,,51876
GOMPHILLACEAE,"Caleniopsis sp.","Vězda & Poelt",,137304
GOMPHILLACEAE,"Diploschistella sp.",Vain.,,126010
GOMPHILLACEAE,"Echinoplaca sp.",Fée,,51878
GOMPHILLACEAE,"Ferraroa sp.","Lücking, Sérus. & Vězda",,261668
GOMPHILLACEAE,"Gomphillus sp.",Nyl.,,51879
GOMPHILLACEAE,"Gyalectidium sp.","Müll. Arg.",,51880
GOMPHILLACEAE,"Gyalidea sp.","Lettau ex Vězda",,52192
GOMPHILLACEAE,"Gyalideopsis sp.",Vězda,,51881
GOMPHILLACEAE,"Hippocrepidea sp.",Sérus.,,261577
GOMPHILLACEAE,"Jamesiella sp.","Lücking, Sérus. & Vězda",,127170
GOMPHILLACEAE,"Lithogyalideopsis sp.","Lücking, Sérus. & Vězda",,262450
GOMPHILLACEAE,"Paratricharia sp.",Lücking,,166599
GOMPHILLACEAE,"Phyllogyalidea sp.",Lücking,,261694
GOMPHILLACEAE,"Psorotheciopsis sp.",Rehm,,176705
GOMPHILLACEAE,"Rolueckia sp.","Papong, Thammath. & Boonpr.",,180154
GOMPHILLACEAE,"Rubrotricha sp.","Lücking, Sérus. & Vězda",,261699
GOMPHILLACEAE,"Tricharia sp.",Fée,,51883
GRAPHIDACEAE,"Acanthothecis sp.",Clem.,,124669
GRAPHIDACEAE,"Acanthotrema sp.",Frisch,,128703
GRAPHIDACEAE,"Aggregatorygma sp.","M. Cáceres, Aptroot & Lücking",,262458
GRAPHIDACEAE,"Amazonotrema sp.","Kalb & Lücking",,261482
GRAPHIDACEAE,"Ampliotrema sp.","Kalb ex Kalb",,130069
GRAPHIDACEAE,"Anomalographis sp.",Kalb,,130416
GRAPHIDACEAE,"Anomomorpha sp.","Nyl. ex Hue",,124671
GRAPHIDACEAE,"Asteristion sp.",Leight.,,132829
GRAPHIDACEAE,"Astrochapsa sp.","Parnmen, Lücking & Lumbsch",,262459
GRAPHIDACEAE,"Austrotrema sp.","I. Medeiros, Lücking & Lumbsch",,262460
GRAPHIDACEAE,"Borinquenotrema sp.","Merc.-Díaz, Lücking & Parnmen",,262461
GRAPHIDACEAE,"Byssotrema sp.","M. Cáceres, Aptroot & Lücking",,262462
GRAPHIDACEAE,"Carbacanthographis sp.","Staiger & Kalb",,124685
GRAPHIDACEAE,"Chapsa sp.","A. Massal.",,124688
GRAPHIDACEAE,"Chroodiscus sp.","(Müll. Arg.) Müll. Arg.",,126276
GRAPHIDACEAE,"Clandestinotrema sp.","Rivas Plata, Lücking & Lumbsch",,128372
GRAPHIDACEAE,"Compositrema sp.","Rivas Plata, Lücking & Lumbsch",,262463
GRAPHIDACEAE,"Corticorygma sp.","M. Cáceres, S.C. Feuerst., Aptroot & Lücking",,262464
GRAPHIDACEAE,"Creographa sp.","A. Massal.",,143734
GRAPHIDACEAE,"Cruentotrema sp.","Rivas Plata, Papong, Lumbsch & Lücking",,258410
GRAPHIDACEAE,"Crutarndina sp.","Parnmen, Lücking & Lumbsch",,262465
GRAPHIDACEAE,"Diaphorographis sp.","A.W. Archer",,262466
GRAPHIDACEAE,"Diorygma sp.",Eschw.,,124701
GRAPHIDACEAE,"Diploschistes sp.",Norman,,51895
GRAPHIDACEAE,"Dyplolabia sp.","A. Massal.",,124704
GRAPHIDACEAE,"Enigmotrema sp.",Lücking,,262456
GRAPHIDACEAE,"Fibrillithecis sp.",Frisch,,124711
GRAPHIDACEAE,"Fissurina sp.",Fée,,124712
GRAPHIDACEAE,"Flegographa sp.","A. Massal.",,262467
GRAPHIDACEAE,"Gintarasia sp.","Kraichak, Lücking & Lumbsch",,262487
GRAPHIDACEAE,"Glaucotrema sp.","Rivas Plata & Lumbsch",,256953
GRAPHIDACEAE,"Glyphis sp.",Ach.,,51884
GRAPHIDACEAE,"Graphis sp.",Adans.,,51886
GRAPHIDACEAE,"Gymnographopsis sp.","C.W. Dodge",,148895
GRAPHIDACEAE,"Gyrotrema sp.",Frisch,,149097
GRAPHIDACEAE,"Halegrapha sp.","Rivas Plata & Lücking",,127509
GRAPHIDACEAE,"Heiomasia sp.","Nelsen, Lücking & Rivas Plata",,127511
GRAPHIDACEAE,"Hemithecium sp.",Trevis.,,149281
GRAPHIDACEAE,"Kalbographa sp.",Lücking,,150280
GRAPHIDACEAE,"Leiorreuma sp.",Eschw.,,124732
GRAPHIDACEAE,"Leucodecton sp.","A. Massal.",,124736
GRAPHIDACEAE,"Malmographina sp.","M. Cáceres, Rivas Plata & Lücking",,258529
GRAPHIDACEAE,"Mangoldia sp.","Lücking, Parnmen & Lumbsch",,262489
GRAPHIDACEAE,"Melanotopelia sp.","Lumbsch & Mangold",,161388
GRAPHIDACEAE,"Melanotrema sp.",Frisch,,124748
GRAPHIDACEAE,"Myriotrema sp.",Fée,,51896
GRAPHIDACEAE,"Nadvornikia sp.",Tibell,,51897
GRAPHIDACEAE,"Nitidochapsa sp.","Parnmen, Lücking & Lumbsch",,258552
GRAPHIDACEAE,"Ocellularia sp.","G. Mey.",,51898
GRAPHIDACEAE,"Pallidogramme sp.","Staiger, Kalb & Lücking",,257747
GRAPHIDACEAE,"Paratopeliopsis sp.","Mercado-Díaz, Lücking & Parnmen",,262491
GRAPHIDACEAE,"Phaeographis sp.","Müll. Arg.",,51891
GRAPHIDACEAE,"Phaeographopsis sp.",Sipman,,128370
GRAPHIDACEAE,"Platygramme sp.",Fée,,124774
GRAPHIDACEAE,"Platythecium sp.",Staiger,,124775
GRAPHIDACEAE,"Pliariona sp.","A. Massal.",,174595
GRAPHIDACEAE,"Polistroma sp.",Clemente,,174605
GRAPHIDACEAE,"Pseudochapsa sp.","Parnmen, Lücking & Lumbsch",,262492
GRAPHIDACEAE,"Pseudoramonia sp.","Kantvilas & Vězda",,176313
GRAPHIDACEAE,"Pseudotopeliopsis sp.","Parnmen, Lücking & Lumbsch",,262493
GRAPHIDACEAE,"Pycnotrema sp.","Rivas Plata & Lücking",,128381
GRAPHIDACEAE,"Redingeria sp.",Frisch,,178669
GRAPHIDACEAE,"Redonographa sp.","Lücking, Tehler & Lumbsch",,261754
GRAPHIDACEAE,"Reimnitzia sp.",Kalb,,124782
GRAPHIDACEAE,"Rhabdodiscus sp.",Vain.,,178734
GRAPHIDACEAE,"Sanguinotrema sp.",Lücking,,257371
GRAPHIDACEAE,"Sarcographa sp.",Fée,,51892
GRAPHIDACEAE,"Sarcographina sp.","Müll. Arg.",,180469
GRAPHIDACEAE,"Schistophoron sp.",Stirt.,,180754
GRAPHIDACEAE,"Schizotrema sp.","Mangold & Lumbsch",,258630
GRAPHIDACEAE,"Stegobolus sp.",Mont.,,124797
GRAPHIDACEAE,"Thalloloma sp.",Trevis.,,127122
GRAPHIDACEAE,"Thecaria sp.",Fée,,124804
GRAPHIDACEAE,"Thecographa sp.","A. Massal.",,186389
GRAPHIDACEAE,"Thelotrema sp.",Ach.,,51899
GRAPHIDACEAE,"Topeliopsis sp.","Kantvilas & Vězda",,124808
GRAPHIDACEAE,"Wirthiotrema sp.","Rivas Plata, Kalb, Frisch & Lumbsch",,258110
GRAPHIDACEAE,"Xalocoa sp.","Kraichak, Lücking & Lumbsch",,261363
GYALECTACEAE,"Cryptolechia sp.","A. Massal.",,51903
GYALECTACEAE,"Gyalecta sp.",Ach.,,51905
GYALECTACEAE,"Ramonia sp.",Stizenb.,,51907
GYALECTACEAE,"Semigyalecta sp.",Vain.,,181025
GYPSOPLACACEAE,"Gypsoplaca sp.",Timdal,,51969
HAEMATOMMATACEAE,"Haematomma sp.","A. Massal.",,51970
HARPIDIACEAE,"Euopsis sp.",Nyl.,,52148
HARPIDIACEAE,"Harpidium sp.",Körb.,,51806
HELOCARPACEAE,"Helocarpon sp.",Fr.,,52009
HYGROPHORACEAE,"Acantholichen sp.","P.M. Jørg.",,257560
HYGROPHORACEAE,"Arrhenia sp.",Fr.,,124672
HYGROPHORACEAE,"Cora sp.",Fr.,,63895
HYGROPHORACEAE,"Corella sp.",Vain.,,257562
HYGROPHORACEAE,"Cyphellostereum sp.","D.A. Reid",,235349
HYGROPHORACEAE,"Dictyonema sp.","C. Agardh ex Kunth",,52276
HYGROPHORACEAE,"Lichenomphalia sp.","Redhead, Lutzoni, Moncalvo & Vilgalys",,124738
HYGROPHORACEAE,"Semiomphalina sp.",Redhead,,262075
ICMADOPHILACEAE,"Chirleja sp.","Lendemer & B.P. Hodk.",,262534
ICMADOPHILACEAE,"Dibaeis sp.",Clem.,,52142
ICMADOPHILACEAE,"Endocena sp.",Cromb.,,126282
ICMADOPHILACEAE,"Icmadophila sp.",Trevis.,,52143
ICMADOPHILACEAE,"Pseudobaeomyces sp.","M. Satì",,175916
ICMADOPHILACEAE,"Siphula sp.",Fr.,,101443
ICMADOPHILACEAE,"Siphulella sp.","Kantvilas, Elix & P. James",,258735
ICMADOPHILACEAE,"Thamnolia sp.","Ach. ex Schaerer",,103279
KOERBERIACEAE,"Koerberia sp.","A. Massal.",,52211
KOERBERIACEAE,"Steinera sp.",Zahlbr.,,126194
KOERBERIACEAE,"Tingiopsidium sp.",Werner,,187520
LECANOGRAPHACEAE,"Alyxoria sp.",Ach.,,128285
LECANOGRAPHACEAE,"Heterocyphelium sp.",Vain.,,86646
LECANOGRAPHACEAE,"Lecanographa sp.","Egea & Torrente",,52179
LECANOGRAPHACEAE,"Plectocarpon sp.",Fée,,52184
LECANOGRAPHACEAE,"Zwackhia sp.",Körb.,,128361
LECANORACEAE,"Ameliella sp.","Fryday & Coppins",,256927
LECANORACEAE,"Bryodina sp.",Hafellner,,135782
LECANORACEAE,"Bryonora sp.",Poelt,,51983
LECANORACEAE,"Cladidium sp.",Hafellner,,51985
LECANORACEAE,"Claurouxia sp.","D. Hawksw.",,127130
LECANORACEAE,"Clauzadeana sp.","Cl. Roux",,51986
LECANORACEAE,"Edrudia sp.","W.P. Jordan",,51987
LECANORACEAE,"Japewiella sp.",Printzen,,52001
LECANORACEAE,"Lecanora sp.",Ach.,,51988
LECANORACEAE,"Lecidella sp.",Körb.,,51989
LECANORACEAE,"Miriquidica sp.","Hertel & Rambold",,51991
LECANORACEAE,"Myriolecis sp.",Clements,,162994
LECANORACEAE,"Myriolecis sambuci","(Pers.) Clem.",,208266
LECANORACEAE,"Palicella sp.","Rodr. Flakus & Printzen",,256962
LECANORACEAE,"Protoparmeliopsis sp.","M. Choisy",,67671
LECANORACEAE,"Psorinia sp.","Gotth. Schneid.",,51996
LECANORACEAE,"Punctonora sp.",Aptroot,,262358
LECANORACEAE,"Pyrrhospora sp.",Körb.,,51997
LECANORACEAE,"Rhizoplaca sp.",Zopf,,51998
LECANORACEAE,"Sagema sp.","Poelt & Grube",,262359
LECANORACEAE,"Sedelnikovaea sp.","S.Y. Kondr., M.H. Jeong & Hur",,262360
LECANORACEAE,"Traponora sp.",Aptroot,,262349
LECANORACEAE,"Vainionora sp.",Kalb,,124813
LECANORALES_FAMILY_INCERTAE_SEDIS,"Coronoplectrum sp.",Brusse,,257854
LECANORALES_FAMILY_INCERTAE_SEDIS,"Joergensenia sp.","Passo, Stenroos & Calvelo",,262401
LECANORALES_FAMILY_INCERTAE_SEDIS,"Myochroidea sp.","Printzen, T. Sprib. & Tønsberg",,127365
LECANORALES_FAMILY_INCERTAE_SEDIS,"Neopsoromopsis sp.",Gyeln.,,164238
LECANORALES_FAMILY_INCERTAE_SEDIS,"Psoromella sp.",Gyeln.,,176700
LECANORALES_FAMILY_INCERTAE_SEDIS,"Puttea sp.","S. Stenroos & Huhtinen",,127601
LECANORALES_FAMILY_INCERTAE_SEDIS,"Ramalea sp.",Nyl.,,177850
LECANOROMYCETES_FAMILY_INCERTAE_SEDIS,"Argopsis sp.","Th. Fr.",,126272
LECANOROMYCETES_FAMILY_INCERTAE_SEDIS,"Bartlettiella sp.","D.J. Galloway & P.M. Jørg.",,126274
LECANOROMYCETES_FAMILY_INCERTAE_SEDIS,"Bouvetiella sp.",Øvstedal,,262589
LECANOROMYCETES_FAMILY_INCERTAE_SEDIS,"Buelliastrum sp.",Zahlbr.,,137083
LECANOROMYCETES_FAMILY_INCERTAE_SEDIS,"Haploloma sp.",Trevis.,,262590
LECANOROMYCETES_FAMILY_INCERTAE_SEDIS,"Maronella sp.","M. Steiger",,160751
LECANOROMYCETES_FAMILY_INCERTAE_SEDIS,"Notolecidea sp.",Hertel,,126291
LECANOROMYCETES_FAMILY_INCERTAE_SEDIS,"Petractis sp.",Fr.,,52197
LECANOROMYCETES_FAMILY_INCERTAE_SEDIS,"Piccolia sp.","A. Massal.",,51942
LECIDEACEAE,"Amygdalaria sp.",Norman,,52105
LECIDEACEAE,"Bahianora sp.",Kalb,,262388
LECIDEACEAE,"Bellemerea sp.","Hafellner & Cl. Roux",,52107
LECIDEACEAE,"Bryobilimbia sp.","Fryday, Printzen & S. Ekman",,256937
LECIDEACEAE,"Catarrhospora sp.",Brusse,,262389
LECIDEACEAE,"Cecidonia sp.","Treibel & Rambold",,52002
LECIDEACEAE,"Clauzadea sp.","Hafellner & Bellem.",,52108
LECIDEACEAE,"Cryptodictyon sp.","A. Massal.",,262390
LECIDEACEAE,"Eremastrella sp.","S. Vogel",,145879
LECIDEACEAE,"Farnoldia sp.",Hertel,,52109
LECIDEACEAE,"Immersaria sp.","Rambold & Pietschm.",,52110
LECIDEACEAE,"Koerberiella sp.",Stein,,52111
LECIDEACEAE,"Labyrintha sp.","Malcolm, Elix & Owe-Larss.",,126287
LECIDEACEAE,"Lecidea sp.",Ach.,,52005
LECIDEACEAE,"Lecidoma sp.","Gotth. Schneid. & Hertel",,52114
LECIDEACEAE,"Melanolecia sp.",Hertel,,51979
LECIDEACEAE,"Mycobilimbia sp.",Rehm,,52112
LECIDEACEAE,"Pachyphysis sp.","R.C. Harris & Ladd",,124763
LECIDEACEAE,"Paraporpidia sp.","Rambold & Pietschm.",,126294
LECIDEACEAE,"Poeltiaria sp.",Hertel,,126298
LECIDEACEAE,"Poeltidea sp.","Hertel & Hafellner",,126299
LECIDEACEAE,"Porpidia sp.",Körb.,,52113
LECIDEACEAE,"Pseudopannaria sp.","(B. de Lesd.) Zahlbr.",,176132
LECIDEACEAE,"Rhizolecia sp.",Hertel,,179287
LECIDEACEAE,"Romjularia sp.",Timdal,,127062
LECIDEACEAE,"Schizodiscus sp.",Brusse,,257976
LECIDEACEAE,"Stenhammarella sp.",Hertel,,184340
LECIDEACEAE,"Stephanocyclos sp.",Hertel,,126305
LECIDEACEAE,"Xenolecia sp.",Hertel,,193373
LEPIDOSTROMATACEAE,"Ertzia sp.","B.P. Hodk. & Lücking",,262078
LEPIDOSTROMATACEAE,"Lepidostroma sp.","Mägd. & S. Winkl.",,235559
LEPIDOSTROMATACEAE,"Sulzbacheromyces sp.","B.P. Hodk. & Lücking",,262081
LEPROCAULACEAE,"Halecania sp.","M. Mayrhofer",,51949
LEPROCAULACEAE,"Leprocaulon sp.",Nyl.,,51800
LEPROCAULACEAE,"Speerschneidera sp.",Trevis.,,51937
LETROUITIACEAE,"Letrouitia sp.","Hafellner & Bellem.",,52007
LICHINACEAE,"Anema sp.",Nyl.,,52145
LICHINACEAE,"Calotrichopsis sp.",Vain.,,138983
LICHINACEAE,"Corynecystis sp.",Brusse,,143712
LICHINACEAE,"Cryptothele sp.","Th. Fr.",,52146
LICHINACEAE,"Digitothyrea sp.","P. Moreno & Egea",,51804
LICHINACEAE,"Edwardiella sp.",Henssen,,126280
LICHINACEAE,"Ephebe sp.",Fr.,,52147
LICHINACEAE,"Finkia sp.",Vain.,,146209
LICHINACEAE,"Gyrocollema sp.",Vain.,,148900
LICHINACEAE,"Heppia sp.",Nägeli,,51972
LICHINACEAE,"Jenmania sp.","W. Wächt.",,150244
LICHINACEAE,"Lecidopyrenopsis sp.",Vain.,,159078
LICHINACEAE,"Lemmopsis sp.","(Vain.) Zahlbr.",,52166
LICHINACEAE,"Lempholemma sp.",Körb.,,52149
LICHINACEAE,"Leprocollema sp.",Vain.,,126011
LICHINACEAE,"Lichina sp.","C. Agardh",,52150
LICHINACEAE,"Lichinella sp.",Nyl.,,52151
LICHINACEAE,"Lichinodium sp.",Nyl.,,52152
LICHINACEAE,"Mawsonia sp.","C.W. Dodge",,160779
LICHINACEAE,"Metamelanea sp.",Henssen,,124749
LICHINACEAE,"Paulia sp.",Fée,,52154
LICHINACEAE,"Peccania sp.","A. Massal. ex Arnold",,52155
LICHINACEAE,"Phloeopeccania sp.","J. Steiner",,124770
LICHINACEAE,"Phylliscidiopsis sp.",Sambo,,173050
LICHINACEAE,"Phylliscidium sp.",Forssell,,173051
LICHINACEAE,"Phyllisciella sp.","Henssen & Büdel",,126296
LICHINACEAE,"Phylliscum sp.",Nyl.,,52156
LICHINACEAE,"Porocyphus sp.",Körb.,,52157
LICHINACEAE,"Pseudarctomia sp.",Gyeln.,,175893
LICHINACEAE,"Pseudoheppia sp.",Zahlbr.,,176127
LICHINACEAE,"Pseudopaulia sp.","M. Schultz",,262094
LICHINACEAE,"Psorotichia sp.","A. Massal.",,52158
LICHINACEAE,"Pterygiopsis sp.",Vain.,,52159
LICHINACEAE,"Pyrenocarpon sp.",Trevis.,,128190
LICHINACEAE,"Pyrenopsis sp.",Nyl.,,52160
LICHINACEAE,"Solorinaria sp.","(Vain.) Gyeln.",,68502
LICHINACEAE,"Stromatella sp.",Henssen,,51813
LICHINACEAE,"Synalissa sp.",Fr.,,52161
LICHINACEAE,"Thallinocarpon sp.","E. Dahl",,186311
LICHINACEAE,"Thelignya sp.","A. Massal.",,52162
LICHINACEAE,"Thermutis sp.",Fr.,,52163
LICHINACEAE,"Thermutopsis sp.",Henssen,,262097
LICHINACEAE,"Thyrea sp.","A. Massal.",,52164
LICHINACEAE,"Zahlbrucknerella sp.",Herre,,52165
LOPADIACEAE,"Lopadium sp.","Körb. nom. cons.",,51965
LYROMMATACEAE,"Lyromma sp.","Bat. & H. Maia",,160705
MALMIDEACEAE,"Malmidea sp.","Kalb, Rivas Plata & Lumbsch",,127531
MALMIDEACEAE,"Savoronala sp.","Ertz, Eb. Fisch., Killmann, Razafindr. & Sérus.",,262361
MASSALONGIACEAE,"Leptochidium sp.","M. Choisy",,52212
MASSALONGIACEAE,"Massalongia sp.",Körb.,,52208
MASSALONGIACEAE,"Polychidium sp.","(Ach.) Gray",,52214
MEGALOSPORACEAE,"Megaloblastenia sp.",Sipman,,160841
MEGALOSPORACEAE,"Megalospora sp.",Meyen,,52008
MEGALOSPORACEAE,"Sipmaniella sp.",Kalb,,262405
MEGASPORACEAE,"Aspicilia sp.","A. Massal.",,51974
MEGASPORACEAE,"Circinaria sp.","Link nom. rejic.",,127361
MEGASPORACEAE,"Lobothallia sp.","(Clauzade & Cl. Roux) Hafellner",,51977
MEGASPORACEAE,"Megaspora sp.","(Clauzade & Cl. Roux) Hafellner & V. Wirth",,51978
MEGASPORACEAE,"Sagedia sp.","Ach. nom. rejic.",,127412
MEGASPORACEAE,"Teuvoa sp.","Sohrabi & S. Leavitt",,256974
MELASPILEACEAE,"Encephalographa sp.","A. Massal.",,126281
MELASPILEACEAE,"Melaspilea sp.",Nyl.,,51819
MICROTHELIOPSIDACEAE,"Microtheliopsis sp.","Müll. Arg.",,235626
MILTIDEACEAE,"Miltidea sp.",Stirt.,,126289
MONOBLASTIACEAE,"Acrocordia sp.","A. Massal.",,51865
MONOBLASTIACEAE,"Anisomeridium sp.","(Müll. Arg.) Choisy",,51866
MONOBLASTIACEAE,"Caprettia sp.","Bat. & H. Maia",,139242
MONOBLASTIACEAE,"Megalotremis sp.",Aptroot,,160940
MONOBLASTIACEAE,"Monoblastia sp.",Riddle,,51867
MONOBLASTIACEAE,"Trypetheliopsis sp.",Asahina,,188332
MYCOPORACEAE,"Mycoporum sp.","Flot. ex Nyl.",,51868
MYCOSPHAERELLACEAE,"Stigmidium sp.",Trevis.,,51871
"NOT ASSIGNED","Cameronia sp.",Kantvilas,,258350
OCHROLECHIACEAE,"Lepra sp.","Scop. nom. rejic.",,159256
OCHROLECHIACEAE,"Ochrolechia sp.","A. Massal.",,52079
OCHROLECHIACEAE,"Varicellaria sp.",Nyl.,,52081
OPEGRAPHACEAE,"Combea sp.","De Not.",,63857
OPEGRAPHACEAE,"Cresponea sp.","Egea & Torrente",,52173
OPEGRAPHACEAE,"Dictyographa sp.","Müll. Arg.",,144624
OPEGRAPHACEAE,"Dolichocarpus sp.","R. Sant.",,145290
OPEGRAPHACEAE,"Fouragea sp.",Trevis.,,146339
OPEGRAPHACEAE,"Ingaderia sp.",Darb.,,128344
OPEGRAPHACEAE,"Llimonaea sp.","Egea & Torrente",,124742
OPEGRAPHACEAE,"Nyungwea sp.","Sérus., Eb. Fisch. & Killmann",,262157
OPEGRAPHACEAE,"Opegrapha sp.",Ach.,,52176
OPEGRAPHACEAE,"Paraingaderia sp.","Ertz & Tehler",,262158
OPEGRAPHACEAE,"Paraschismatomma sp.","Ertz & Tehler",,128346
OPEGRAPHACEAE,"Pentagenella sp.",Darb.,,128349
OPEGRAPHACEAE,"Schizopelte sp.","Th. Fr.",,52188
OPEGRAPHACEAE,"Sclerophyton sp.",Eschw.,,52178
OPEGRAPHACEAE,"Sparria sp.","Ertz & Tehler",,128357
OPHIOPARMACEAE,"Boreoplaca sp.",Timdal,,257846
OPHIOPARMACEAE,"Hypocenomyce sp.","M. Choisy",,52004
OPHIOPARMACEAE,"Ophioparma sp.",Norman,,52014
OSTROPALES_FAMILY_INCERTAE_SEDIS,"Amphorothecium sp.","P.M. McCarthy, Kantvilas & Elix",,262531
OSTROPALES_FAMILY_INCERTAE_SEDIS,"Anzina sp.",Scheid.,,52133
OSTROPOMYCETIDAE_FAMILY_INCERTAE_SEDIS,"Aspilidea sp.",Hafellner,,124675
OSTROPOMYCETIDAE_FAMILY_INCERTAE_SEDIS,"Dictyocatenulata sp.","Finley & E.F. Morris",,124699
PACHYASCACEAE,"Pachyascus sp.","Poelt & Hertel",,235691
PANNARIACEAE,"Austrella sp.","P.M. Jørg.",,132957
PANNARIACEAE,"Degelia sp.","Arv. & D.J. Galloway",,52015
PANNARIACEAE,"Erioderma sp.",Fée,,52016
PANNARIACEAE,"Fuscoderma sp.","(D.J. Galloway & P.M. Jørg.) P.M. Jørg. & D.J. Galloway",,257863
PANNARIACEAE,"Fuscopannaria sp.","P.M. Jørg.",,52017
PANNARIACEAE,"Gibbosporina sp.","Elvebakk, Hong & P.M. Jørg.",,262400
PANNARIACEAE,"Homothecium sp.","A. Massal.",,149607
PANNARIACEAE,"Hosseusia sp.",Gyeln.,,149608
PANNARIACEAE,"Leciophysma sp.","Th. Fr.",,51960
PANNARIACEAE,"Leightoniella sp.",Henssen,,159159
PANNARIACEAE,"Leioderma sp.",Nyl.,,52018
PANNARIACEAE,"Lepidocollema sp.",Vain.,,159238
PANNARIACEAE,"Leptogidium sp.",Nyl.,,65845
PANNARIACEAE,"Nebularia sp.","P.M. Jørg.",,261692
PANNARIACEAE,"Nevesia sp.","P.M. Jørg., L. Lindblom, Wedin & S. Ekman",,258074
PANNARIACEAE,"Pannaria sp.","Del. ex Bory",,52020
PANNARIACEAE,"Parmeliella sp.","Müll. Arg.",,52021
PANNARIACEAE,"Pectenia sp.","P.M. Jørg., L. Lindblom, Wedin & S. Ekman",,258086
PANNARIACEAE,"Physma sp.","A. Massal.",,51962
PANNARIACEAE,"Protopannaria sp.","(Gyeln.) P. M. Jørg. & S. Ekman",,51812
PANNARIACEAE,"Psoroma sp.",Michaux,,52022
PANNARIACEAE,"Psoromaria sp.","Nyl. ex Hue",,176698
PANNARIACEAE,"Psoromidium sp.",Stirt.,,126301
PANNARIACEAE,"Ramalodium sp.",Nyl.,,178606
PANNARIACEAE,"Siphulastrum sp.","Müll. Arg.",,126304
PANNARIACEAE,"Staurolemma sp.",Körb.,,124796
PANNARIACEAE,"Steineropsis sp.","T. Sprib. & Muggia",,127634
PARMELIACEAE,"Ahtiana sp.",Goward,,52023
PARMELIACEAE,"Alectoria sp.",Ach.,,51923
PARMELIACEAE,"Allantoparmelia sp.","(Vain.) Essl.",,52024
PARMELIACEAE,"Allocetraria sp.","Kurok. & M.Y. Lai",,52025
PARMELIACEAE,"Anzia sp.",Stizenb.,,52026
PARMELIACEAE,"Arctocetraria sp.","Kärnefelt & Thell",,52027
PARMELIACEAE,"Arctoparmelia sp.",Hale,,52028
PARMELIACEAE,"Asahinea sp.","W.L. Culb. & C.F. Culb.",,52029
PARMELIACEAE,"Austroparmelina sp.","A. Crespo, Divakar & Elix",,262362
PARMELIACEAE,"Brodoa sp.",Goward,,52030
PARMELIACEAE,"Bryocaulon sp.",Kärnefelt,,52031
PARMELIACEAE,"Bryoria sp.","Brodo & D. Hawksw.",,52032
PARMELIACEAE,"Bulbothrix sp.",Hale,,52033
PARMELIACEAE,"Canoparmelia sp.","Elix & Hale",,52034
PARMELIACEAE,"Cetraria sp.",Ach.,,52036
PARMELIACEAE,"Cetrariella sp.","Kärnefelt & Thell",,52037
PARMELIACEAE,"Cetrelia sp.","W.L. Culb. & C.F. Culb.",,52038
PARMELIACEAE,"Cetreliopsis sp.","M.J. Lai",,140487
PARMELIACEAE,"Coelopogon sp.","Brusse & Kärnefelt",,126278
PARMELIACEAE,"Cornicularia sp.","(Schreb.) Ach.",,52039
PARMELIACEAE,"Crespoa sp.","(D. Hawksw.) Lendemer & B.P. Hodk.",,128397
PARMELIACEAE,"Dactylina sp.",Nyl.,,52040
PARMELIACEAE,"Davidgallowaya sp.",Aptroot,,262364
PARMELIACEAE,"Emodomelanelia sp.","Divakar & A. Crespo",,262365
PARMELIACEAE,"Esslingeriana sp.","Hale & M. J. Lai",,52041
PARMELIACEAE,"Evernia sp.",Ach.,,52042
PARMELIACEAE,"Everniopsis sp.",Nyl.,,146100
PARMELIACEAE,"Flavocetraria sp.","Kärnefelt & Thell",,52044
PARMELIACEAE,"Flavoparmelia sp.",Hale,,52045
PARMELIACEAE,"Flavopunctelia sp.",Hale,,52046
PARMELIACEAE,"Gowardia sp.","P. Halonen, L. Myllys, S. Velmala, & H. Hyvärinen",,256921
PARMELIACEAE,"Himantormia sp.","I.M. Lamb",,126285
PARMELIACEAE,"Hypogymnia sp.","(Nyl.) Nyl.",,52047
PARMELIACEAE,"Hypotrachyna sp.","(Vain.) Hale",,52048
PARMELIACEAE,"Imshaugia sp.","F.C. Mey.",,52049
PARMELIACEAE,"Kaernefeltia sp.","Thell & Goward",,52050
PARMELIACEAE,"Letharia sp.","(Th. Fr.) Zahlbr.",,52051
PARMELIACEAE,"Lethariella sp.","(Motyka) Krog",,159951
PARMELIACEAE,"Masonhalea sp.",Kärnefelt,,52052
PARMELIACEAE,"Melanelia sp.",Essl.,,52053
PARMELIACEAE,"Melanelixia sp.","O. Blanco, A. Crespo, Divakar, Essl., D. Hawksw. & Lumbsch",,124746
PARMELIACEAE,"Melanohalea sp.","O. Blanco, A. Crespo, Divakar, Essl., D. Hawksw. & Lumbsch",,124747
PARMELIACEAE,"Menegazzia sp.","A. Massal.",,52054
PARMELIACEAE,"Montanelia sp.","Divakar, A. Crespo, Wedin & Essl.",,128482
PARMELIACEAE,"Myelochroa sp.","(Asahina) Elix & Hale",,52055
PARMELIACEAE,"Nephromopsis sp.","Müll. Arg.",,127703
PARMELIACEAE,"Nipponoparmelia sp.","(Kurok.) K.H. Moon, Y. Ohmura & Kashiw.",,258076
PARMELIACEAE,"Nodobryoria sp.","Common & Brodo",,52057
PARMELIACEAE,"Notoparmelia sp.","A. Crespo, Ferencová & Divakar",,262374
PARMELIACEAE,"Omphalodium sp.","Meyen & Flot.",,66595
PARMELIACEAE,"Omphalora sp.","T.H. Nash & Hafellner",,51993
PARMELIACEAE,"Oropogon sp.","Th. Fr.",,51811
PARMELIACEAE,"Pannoparmelia sp.","(Mull. Arg.) Darb.",,126293
PARMELIACEAE,"Parmelia sp.",Ach.,,52059
PARMELIACEAE,"Parmelina sp.",Hale,,52060
PARMELIACEAE,"Parmelinella sp.","Elix & Hale",,169844
PARMELIACEAE,"Parmeliopsis sp.","(Nyl.) Nyl.",,52062
PARMELIACEAE,"Parmotrema sp.","A. Massal.",,52063
PARMELIACEAE,"Parmotremopsis sp.","Elix & Hale",,52064
PARMELIACEAE,"Platismatia sp.","W.L. Culb. & C.F. Culb.",,52065
PARMELIACEAE,"Pleurosticta sp.",Petr.,,128152
PARMELIACEAE,"Protoparmelia sp.","M. Choisy",,51995
PARMELIACEAE,"Protousnea sp.","(Motyka) Krog",,126300
PARMELIACEAE,"Pseudephebe sp.","M. Choisy",,52066
PARMELIACEAE,"Pseudevernia sp.",Zopf,,52067
PARMELIACEAE,"Pseudoparmelia sp.",Lynge,,52068
PARMELIACEAE,"Psiloparmelia sp.",Hale,,176342
PARMELIACEAE,"Punctelia sp.",Krog,,52069
PARMELIACEAE,"Relicina sp.","(Hale & Kurok.) Hale",,52070
PARMELIACEAE,"Remototrachyna sp.","Divakar & A. Crespo",,258095
PARMELIACEAE,"Sulcaria sp.",Bystr.,,51924
PARMELIACEAE,"Tuckermanella sp.",Essl.,,52078
PARMELIACEAE,"Tuckermanopsis sp.",Gyeln.,,127680
PARMELIACEAE,"Usnea sp.","Dill. ex Adans.",,52074
PARMELIACEAE,"Usnocetraria sp.","M.J. Lai & J.C. Wei",,127223
PARMELIACEAE,"Vulpicida sp.","Mattsson & M.J. Lai",,52075
PARMELIACEAE,"Xanthoparmelia sp.","(Vain.) Hale",,52076
PELTIGERACEAE,"Crocodia sp.",Link,,143750
PELTIGERACEAE,"Dendriscosticta sp.","Moncada & Lücking",,256946
PELTIGERACEAE,"Lobaria sp.","(Schreb.) Hoffm.",,52203
PELTIGERACEAE,"Lobariella sp.",Yoshim.,,51808
PELTIGERACEAE,"Lobarina sp.","Nyl. ex Cromb.",,160509
PELTIGERACEAE,"Nephroma sp.",Ach.,,52206
PELTIGERACEAE,"Parmostictina sp.",Nyl.,,262402
PELTIGERACEAE,"Peltigera sp.",Willd.,,52209
PELTIGERACEAE,"Podostictina sp.",Clem.,,174599
PELTIGERACEAE,"Pseudocyphellaria sp.",Vain.,,52204
PELTIGERACEAE,"Ricasolia sp.","De Not.",,179323
PELTIGERACEAE,"Solorina sp.",Ach.,,52210
PELTIGERACEAE,"Sticta sp.","(Schreb.) Ach.",,52205
PELTIGERACEAE,"Yarrumia sp.","D.J. Galloway",,262403
PELTIGERACEAE,"Yoshimuriella sp.","Moncada & Lücking",,262404
PELTIGERALES_FAMILY_INCERTAE_SEDIS,"Erinacellus sp.","T. Sprib., Muggia & Tønsberg",,256948
PELTULACEAE,"Peltula sp.",Nyl.,,52167
PERTUSARIACEAE,"Loxosporopsis sp.","Brodo, Henssen & Imshaug",,90056
PERTUSARIACEAE,"Pertusaria sp.",DC.,,52080
PERTUSARIACEAE,"Thamnochrolechia sp.","Aptroot & Sipman",,262535
PEZIZOMYCOTINA_FAMILY_INCERTAE_SEDIS,"Biatoridium sp.","J. Lahm ex Körb.",,124677
PEZIZOMYCOTINA_FAMILY_INCERTAE_SEDIS,"Cheiromycina sp.","B. Sutton",,124689
PEZIZOMYCOTINA_FAMILY_INCERTAE_SEDIS,"Cyanoporina sp.",Groenh.,,235341
PEZIZOMYCOTINA_FAMILY_INCERTAE_SEDIS,"Frigidopyrenia sp.",Grube,,146341
PEZIZOMYCOTINA_FAMILY_INCERTAE_SEDIS,"Magmopsis sp.",Nyl.,,160714
PEZIZOMYCOTINA_FAMILY_INCERTAE_SEDIS,"Melanophloea sp.","P. James & Vězda",,127553
PEZIZOMYCOTINA_FAMILY_INCERTAE_SEDIS,"Milospium sp.","D. Hawksw.",,162564
PEZIZOMYCOTINA_FAMILY_INCERTAE_SEDIS,"Oevstedalia sp.","Ertz & Diederich",,165196
PEZIZOMYCOTINA_FAMILY_INCERTAE_SEDIS,"Psammina sp.","Sacc. & M. Rousseau ex E. Bommer & M. Rousseau",,235784
PEZIZOMYCOTINA_FAMILY_INCERTAE_SEDIS,"Pyrenocollema sp.",Reinke,,52225
PEZIZOMYCOTINA_FAMILY_INCERTAE_SEDIS,"Thelenidia sp.",Nyl.,,186451
PEZIZOMYCOTINA_FAMILY_INCERTAE_SEDIS,"Trizodia sp.",Laukka,,262091
PEZIZOMYCOTINA_FAMILY_INCERTAE_SEDIS,"Wadeana sp.","Coppins & P. James",,128308
PHLYCTIDACEAE,"Phlyctis sp.","(Wallr.) Flot.",,51822
PHLYCTIDACEAE,"Psathyrophlyctis sp.",Brusse,,260971
PHYSCIACEAE,"Anaptychia sp.",Körb.,,52083
PHYSCIACEAE,"Coscinocladium sp.",Kunze,,262328
PHYSCIACEAE,"Culbersonia sp.",Essl.,,51803
PHYSCIACEAE,"Heterodermia sp.",Trevis.,,52092
PHYSCIACEAE,"Hyperphyscia sp.","Müll. Arg.",,52093
PHYSCIACEAE,"Kashiwadia sp.","S.Y. Kondr., Lőkös & Hur",,262329
PHYSCIACEAE,"Leucodermia sp.",Kalb,,262055
PHYSCIACEAE,"Mischoblastia sp.","A. Massal.",,162597
PHYSCIACEAE,"Mobergia sp.","H. Mayrhofer & Sheard",,52094
PHYSCIACEAE,"Oxnerella sp.","S.Y. Kondr., Lőkös & Hur",,262330
PHYSCIACEAE,"Phaeophyscia sp.",Moberg,,52095
PHYSCIACEAE,"Phaeorrhiza sp.","H. Mayrhofer & Poelt",,52096
PHYSCIACEAE,"Physcia sp.","(Schreb.) Michaux",,52097
PHYSCIACEAE,"Physciella sp.",Essl.,,52098
PHYSCIACEAE,"Physconia sp.",Poelt,,52099
PHYSCIACEAE,"Polyblastidium sp.",Kalb,,262060
PHYSCIACEAE,"Rinodina sp.","(Ach.) Gray",,52101
PHYSCIACEAE,"Rinodinella sp.","H. Mayrhofer & Poelt",,180019
PHYSCIACEAE,"Tornabea sp.",Oesth.,,52102
PILOCARPACEAE,"Badimiella sp.","Malcolm & Vězda",,134016
PILOCARPACEAE,"Baflavia sp.",Lücking,,257942
PILOCARPACEAE,"Bapalmuia sp.",Sérus.,,235187
PILOCARPACEAE,"Barubria sp.",Vězda,,134158
PILOCARPACEAE,"Brasilicia sp.","Lücking, Kalb & Sérus.",,257946
PILOCARPACEAE,"Bryogomphus sp.","Lücking, W.R. Buck, Sérus. & L.I. Ferraro",,235209
PILOCARPACEAE,"Byssolecania sp.",Vain.,,235215
PILOCARPACEAE,"Byssoloma sp.",Trevis.,,52103
PILOCARPACEAE,"Calopadia sp.",Vězda,,51964
PILOCARPACEAE,"Calopadiopsis sp.","Lücking & R. Sant.",,137728
PILOCARPACEAE,"Eugeniella sp.","Lücking, Sérus. & Kalb",,127470
PILOCARPACEAE,"Fellhanera sp.",Vězda,,52104
PILOCARPACEAE,"Fellhaneropsis sp.","Sérus. & Coppins",,124710
PILOCARPACEAE,"Kantvilasia sp.","P.M. McCarthy, Elix & Sérus.",,262378
PILOCARPACEAE,"Lasioloma sp.","R. Sant.",,150441
PILOCARPACEAE,"Leimonis sp.","R.C. Harris",,127101
PILOCARPACEAE,"Loflammia sp.",Vězda,,160511
PILOCARPACEAE,"Loflammiopsis sp.","Lücking & Kalb",,257970
PILOCARPACEAE,"Logilvia sp.",Vězda,,160512
PILOCARPACEAE,"Micarea sp.",Fr.,,52010
PILOCARPACEAE,"Podotara sp.","Malcolm & Vězda",,262379
PILOCARPACEAE,"Pseudocalopadia sp.",Lücking,,257973
PILOCARPACEAE,"Roccellinastrum sp.",Follmann,,126302
PILOCARPACEAE,"Septotrapelia sp.","Aptroot & Chaves",,235878
PILOCARPACEAE,"Sporopodiopsis sp.",Sérusiaux,,262380
PILOCARPACEAE,"Sporopodium sp.",Mont.,,51966
PILOCARPACEAE,"Szczawinskia sp.","A. Funk",,102995
PILOCARPACEAE,"Tapellaria sp.","Müll. Arg.",,51967
PILOCARPACEAE,"Tapellariopsis sp.",Lücking,,257981
PLACYNTHIACEAE,"Hertella sp.",Henssen,,126284
PLACYNTHIACEAE,"Placynthiopsis sp.",Zahlbr.,,174226
PLACYNTHIACEAE,"Placynthium sp.","(Ach.) Gray",,52213
PORINACEAE,"Clathroporina sp.","Müll. Arg.",,52229
PORINACEAE,"Myeloconis sp.","P.M. McCarthy & Elix",,258545
PORINACEAE,"Porina sp.","Müll. Arg.",,52230
PORINACEAE,"Pseudosagedia sp.","(Müll. Arg.) M. Choisy",,67697
PORINACEAE,"Segestria sp.",Fr.,,52231
PORINACEAE,"Trichothelium sp.","Müll. Arg.",,52232
PROTOTHELENELLACEAE,"Protothelenella sp.",Räsänen,,51823
PSILOLECHIACEAE,"Psilolechia sp.","A. Massal.",,52011
PSORACEAE,"Brianaria sp.","S. Ekman & M. Svensson",,256934
PSORACEAE,"Glyphopeltis sp.",Brusse,,261178
PSORACEAE,"Protoblastenia sp.","(Zahlbr.) J. Steiner",,52115
PSORACEAE,"Protomicarea sp.",Hafellner,,124777
PSORACEAE,"Psora sp.",Hoffm.,,52116
PSORACEAE,"Psorula sp.","Gotth. Schneid.",,52117
PYCNORACEAE,"Pycnora sp.",Hafellner,,124780
PYRENOTRICHACEAE,"Pyrenothrix sp.",Riddle,,52220
PYRENULACEAE,"Anthracothecium sp.","Hampe ex A. Massal.",,52221
PYRENULACEAE,"Blastodesmia sp.","A. Massal.",,135645
PYRENULACEAE,"Clypeopyrenis sp.",Aptroot,,142747
PYRENULACEAE,"Distopyrenis sp.",Aptroot,,52222
PYRENULACEAE,"Granulopyrenis sp.",Aptroot,,52223
PYRENULACEAE,"Lithothelium sp.","Müll. Arg.",,52224
PYRENULACEAE,"Mazaediothecium sp.",Aptroot,,262178
PYRENULACEAE,"Pyrenowilmsia sp.","R.C. Harris & Aptroot",,177079
PYRENULACEAE,"Pyrenula sp.",Ach.,,52226
PYRENULACEAE,"Pyrgillus sp.",Nyl.,,52227
PYRENULACEAE,"Sulcopyrenula sp.","H. Harada",,124799
PYRENULALES_FAMILY_INCERTAE_SEDIS,"Rhaphidicyrtis sp.",Vain.,,178738
PYRENULALES_FAMILY_INCERTAE_SEDIS,"Xenus sp.","Kohlm. & Volkm.-Kohlm.",,262180
RACODIACEAE,"Racodium sp.",Fr.,,97751
RAMALINACEAE,"Aciculopsora sp.","Aptroot & Trest",,261480
RAMALINACEAE,"Adelolecia sp.","Hertel & Hafellner",,51926
RAMALINACEAE,"Auriculora sp.",Kalb,,132956
RAMALINACEAE,"Bacidia sp.","De Not.",,51927
RAMALINACEAE,"Bacidina sp.",Vězda,,51982
RAMALINACEAE,"Badimia sp.",Vězda,,134015
RAMALINACEAE,"Biatora sp.",Fr.,,51928
RAMALINACEAE,"Bilimbia sp.","De Not.",,62925
RAMALINACEAE,"Catillochroma sp.",Kalb,,127352
RAMALINACEAE,"Catinaria sp.",Vain.,,51929
RAMALINACEAE,"Cenozosia sp.","A. Massal.",,139937
RAMALINACEAE,"Cliostomum sp.",Fr.,,51930
RAMALINACEAE,"Compsocladium sp.","I.M. Lamb",,143535
RAMALINACEAE,"Crustospathula sp.",Aptroot,,262382
RAMALINACEAE,"Echidnocymbium sp.",Brusse,,258050
RAMALINACEAE,"Eschatogonia sp.",Trevis.,,145932
RAMALINACEAE,"Frutidella sp.",Kalb,,52003
RAMALINACEAE,"Heppsora sp.","D.D. Awasthi & K. Singh",,261181
RAMALINACEAE,"Japewia sp.",Tønsberg,,51932
RAMALINACEAE,"Jarmania sp.",Kantvilas,,259784
RAMALINACEAE,"Krogia sp.",Timdal,,262383
RAMALINACEAE,"Lecania sp.","A. Massal.",,51933
RAMALINACEAE,"Lueckingia sp.","Aptroot & Umaña",,262384
RAMALINACEAE,"Megalaria sp.",Hafellner,,51990
RAMALINACEAE,"Myelorrhiza sp.","Verdon & Elix",,257884
RAMALINACEAE,"Niebla sp.","Rundel & Bowler",,52118
RAMALINACEAE,"Phyllopsora sp.","Müll. Arg.",,51934
RAMALINACEAE,"Physcidia sp.",Tuck.,,173914
RAMALINACEAE,"Pseudohepatica sp.","P.M. Jørg.",,262140
RAMALINACEAE,"Ramalina sp.",Ach.,,52119
RAMALINACEAE,"Rolfidium sp.",Moberg,,262385
RAMALINACEAE,"Schadonia sp.",Körb.,,51935
RAMALINACEAE,"Stirtoniella sp.","D.J. Galloway, Hafellner & Elix",,185793
RAMALINACEAE,"Tasmidella sp.","Kantvilas, Hafellner & Elix",,258740
RAMALINACEAE,"Thamnolecania sp.","(Vain.) Gyeln.",,186336
RAMALINACEAE,"Tibellia sp.","Vězda & Hafellner",,261970
RAMALINACEAE,"Toninia sp.","A. Massal.",,51950
RAMALINACEAE,"Toniniopsis sp.",Frey,,187747
RAMALINACEAE,"Tylothallia sp.","P. James & R. Kilias",,52000
RAMALINACEAE,"Waynea sp.",Moberg,,51940
RAMBOLDIACEAE,"Ramboldia sp.","Kantvilas & Elix",,126192
REQUIENELLACEAE,"Requienella sp.",Fabre,,52228
RHIZOCARPACEAE,"Catolechia sp.",Flot.,,52123
RHIZOCARPACEAE,"Epilichen sp.",Clem.,,52124
RHIZOCARPACEAE,"Poeltinula sp.",Hafellner,,52125
RHIZOCARPACEAE,"Rhizocarpon sp.","Ramond ex DC.",,52126
ROCCELLACEAE,"Ancistrosporella sp.","G. Thor.",,130320
ROCCELLACEAE,"Austrographa sp.","Sparrius, Elix & A.W. Archer",,262159
ROCCELLACEAE,"Austroroccella sp.","Tehler & Ertz",,262160
ROCCELLACEAE,"Chiodecton sp.",Ach.,,52172
ROCCELLACEAE,"Crocellina sp.","Tehler & Ertz",,262161
ROCCELLACEAE,"Dendrographa sp.",Darb.,,52181
ROCCELLACEAE,"Dichosporidium sp.",Pat.,,144621
ROCCELLACEAE,"Dirina sp.",Fr.,,52182
ROCCELLACEAE,"Diromma sp.","Ertz & Tehler",,262162
ROCCELLACEAE,"Enterodictyon sp.","Müll. Arg.",,145715
ROCCELLACEAE,"Enterographa sp.",Fée,,52174
ROCCELLACEAE,"Erythrodecton sp.","G. Thor",,145931
ROCCELLACEAE,"Feigeana sp.","Mies, Lumbsch & Tehler",,264792
ROCCELLACEAE,"Follmanniella sp.","Peine & B. Werner",,261173
ROCCELLACEAE,"Gorgadesia sp.",Tav.,,146617
ROCCELLACEAE,"Graphidastra sp.","(Redinger) G. Thor",,146620
ROCCELLACEAE,"Gyrographa sp.","Ertz & Tehler",,256954
ROCCELLACEAE,"Gyronactis sp.","Ertz & Tehler",,262163
ROCCELLACEAE,"Halographis sp.","Kohlm. & Volkm.-Kohlm.",,262164
ROCCELLACEAE,"Haplodina sp.",Zahlbr.,,149243
ROCCELLACEAE,"Isalonactis sp.","Ertz, Tehler, Eb. Fisch., Killmann, Razafindr. & Sérus.",,262165
ROCCELLACEAE,"Lecanactis sp.",Körb.,,52175
ROCCELLACEAE,"Mazosia sp.","A. Massal.",,52183
ROCCELLACEAE,"Neosergipea sp.","M. Cáceres, Ertz & Aptroot",,262166
ROCCELLACEAE,"Ocellomma sp.","Ertz & Tehler",,262167
ROCCELLACEAE,"Pseudolecanactis sp.",Zahlbr.,,176129
ROCCELLACEAE,"Pseudoschismatomma sp.","Ertz & Tehler",,256967
ROCCELLACEAE,"Psoronactis sp.","Ertz & Tehler",,262168
ROCCELLACEAE,"Pulvinodecton sp.","Henssen & G. Thor",,176807
ROCCELLACEAE,"Roccella sp.",DC.,,52186
ROCCELLACEAE,"Roccellina sp.",Darb.,,52187
ROCCELLACEAE,"Sagenidiopsis sp.","R.W. Rogers & Hafellner",,257927
ROCCELLACEAE,"Schismatomma sp.","Flot. & Körb. ex A. Massal.",,52177
ROCCELLACEAE,"Sigridea sp.",Tehler,,52189
ROCCELLACEAE,"Simonyella sp.","J. Steiner",,181039
ROCCELLACEAE,"Sipmania sp.","Egea & Torrente",,262170
ROCCELLACEAE,"Streimannia sp.","G. Thor",,261358
ROCCELLACEAE,"Syncesia sp.",Taylor,,51814
ROCCELLACEAE,"Tania sp.","Egea, Torrente & Sipman",,262172
ROCCELLACEAE,"Vigneronia sp.",Ertz,,256978
ROCCELLOGRAPHACEAE,"Dimidiographa sp.","Ertz & Tehler",,128330
ROCCELLOGRAPHACEAE,"Fulvophyton sp.","Ertz & Tehler",,128334
ROCCELLOGRAPHACEAE,"Roccellographa sp.","J. Steiner",,262171
ROPALOSPORACEAE,"Ropalospora sp.","A. Massal.",,52244
SAGIOLECHIACEAE,"Rhexophiale sp.","Th. Fr.",,178740
SAGIOLECHIACEAE,"Sagiolechia sp.","A. Massal.",,51882
SARRAMEANACEAE,"Loxospora sp.","A. Massal.",,51971
SARRAMEANACEAE,"Sarrameana sp.","Vězda & P. James",,126303
SCHAERERIACEAE,"Schaereria sp.","Th. Fr.",,52130
SCOLICIOSPORACEAE,"Scoliciosporum sp.","A. Massal.",,51999
SPHAEROPHORACEAE,"Austropeltum sp.","Henssen, Döring & Kantvilas",,262386
SPHAEROPHORACEAE,"Bunodophoron sp.","A. Massal.",,51849
SPHAEROPHORACEAE,"Calycidium sp.",Stirt.,,126275
SPHAEROPHORACEAE,"Leifidium sp.",Wedin,,126288
SPHAEROPHORACEAE,"Neophyllis sp.","F. Wilson",,164237
SPHAEROPHORACEAE,"Sphaerophorus sp.",Pers.,,51850
SPORASTATIACEAE,"Sporastatia sp.","A. Massal.",,51916
SPORASTATIACEAE,"Toensbergia sp.","Bendiksby & Timdal",,256976
SQUAMARINACEAE,"Herteliana sp.","P. James",,51931
SQUAMARINACEAE,"Squamarina sp.",Poelt,,51938
STEREOCAULACEAE,"Hertelidea sp.","Printzen & Kantvilas",,124719
STEREOCAULACEAE,"Lepraria sp.",Ach.,,51816
STEREOCAULACEAE,"Stereocaulon sp.",Hoffm.,,52132
STEREOCAULACEAE,"Xyleborus sp.","R.C. Harris & Ladd",,124818
STICTIDACEAE,"Absconditella sp.",Vězda,,52194
STICTIDACEAE,"Acarosporina sp.",Sherwood,,262532
STICTIDACEAE,"Conotremopsis sp.",Vězda,,261244
STICTIDACEAE,"Cryptodiscus sp.",Corda,,143916
STICTIDACEAE,"Geisleria sp.",Nitschke,,64791
STICTIDACEAE,"Ingvariella sp.","Guderley & Lumbsch",,51900
STICTIDACEAE,"Robergea sp.",Desm.,,124786
STICTIDACEAE,"Schizoxylon sp.",Pers.,,180758
STICTIDACEAE,"Stictis sp.",Pers.,,127278
STICTIDACEAE,"Thelopsis sp.",Nyl.,,52198
STICTIDACEAE,"Topelia sp.","P.M. Jørg. & Vězda",,52199
STICTIDACEAE,"Trinathotrema sp.","Lücking, Rivas Plata & Mangold",,128566
STICTIDACEAE,"Xyloschistes sp.","Vain. ex Zahlbr.",,193424
STRANGOSPORACEAE,"Strangospora sp.",Körb.,,51917
STRIGULACEAE,"Flavobathelium sp.","Lücking, Aptroot & G. Thor",,257959
STRIGULACEAE,"Oletheriostrigula sp.","Huhndorf & R.C. Harris",,165198
STRIGULACEAE,"Phyllobathelium sp.","(Müll. Arg.) Müll. Arg.",,235737
STRIGULACEAE,"Phyllocraterina sp.","Sérus. & Aptroot",,264794
STRIGULACEAE,"Strigula sp.",Fr.,,52239
TELOSCHISTACEAE,"Amundsenia sp.","Søchting, Garrido-Ben., Arup & Frödén",,262434
TELOSCHISTACEAE,"Apatoplaca sp.","Poelt & Hafellner",,62360
TELOSCHISTACEAE,"Athallia sp.","Arup, Frödén & Søchting",,256932
TELOSCHISTACEAE,"Austroplaca sp.","Søchting, Frödén & Arup",,262435
TELOSCHISTACEAE,"Blastenia sp.","A. Massal.",,62928
TELOSCHISTACEAE,"Brownliella sp.","S.Y. Kondr., Kärnefelt, Elix, A. Thell & Hur",,262407
TELOSCHISTACEAE,"Bryoplaca sp.","Søchting, Frödén & Arup",,256938
TELOSCHISTACEAE,"Calogaya sp.","Arup, Frödén & Søchting",,256941
TELOSCHISTACEAE,"Caloplaca sp.","Th. Fr.",,52245
TELOSCHISTACEAE,"Catenarina sp.","Søchting, Søgaard, Arup, Elvebakk & Elix",,262425
TELOSCHISTACEAE,"Cephalophysis sp.","(Hertel) H. Kilias",,52246
TELOSCHISTACEAE,"Cerothallia sp.","Arup, Frödén & Søchting",,256944
TELOSCHISTACEAE,"Charcotiana sp.","Søchting, Garrido-Benavent & Arup",,262436
TELOSCHISTACEAE,"Dufourea sp.",Ach.,,64348
TELOSCHISTACEAE,"Eilifdahlia sp.","S.Y. Kondr., Kärnefelt, Elix, A. Thell & Hur",,262416
TELOSCHISTACEAE,"Fauriea sp.","S.Y. Kondr., Lőkös & Hur",,262417
TELOSCHISTACEAE,"Filsoniana sp.","S.Y. Kondr., Kärnefelt, Elix, A. Thell & Hur",,262426
TELOSCHISTACEAE,"Flavoplaca sp.","Arup, Søchting & Frödén",,256951
TELOSCHISTACEAE,"Follmannia sp.","C.W. Dodge",,146333
TELOSCHISTACEAE,"Franwilsia sp.","S.Y. Kondr., Kärnefelt, Elix, A. Thell & Hur",,262418
TELOSCHISTACEAE,"Gondwania sp.","Søchting, Frödén & Arup",,258057
TELOSCHISTACEAE,"Gyalolechia sp.","A. Massal.",,148883
TELOSCHISTACEAE,"Haloplaca sp.","Arup, Søchting & Frödén",,262427
TELOSCHISTACEAE,"Huea sp.","C.W. Dodge & G.E. Baker",,126286
TELOSCHISTACEAE,"Hueidea sp.","Kantvilas & P.M. McCarthy",,262537
TELOSCHISTACEAE,"Huneckia sp.","S.Y. Kondr., Elix, Kärnefelt, A. Thell & Hur",,262419
TELOSCHISTACEAE,"Ioplaca sp.",Poelt,,150234
TELOSCHISTACEAE,"Jasonhuria sp.","S.Y. Kondr., Lőkös & S.O. Oh",,262420
TELOSCHISTACEAE,"Josefpoeltia sp.","S.Y. Kondr. & Kärnefelt",,150246
TELOSCHISTACEAE,"Kaernefia sp.","S.Y. Kondr., Elix, A. Thell & Hur",,262428
TELOSCHISTACEAE,"Leproplaca sp.","(Nyl.) Nyl.",,65836
TELOSCHISTACEAE,"Loekoesia sp.","S.Y. Kondr., S.O. Oh & Hur",,262421
TELOSCHISTACEAE,"Marchantiana sp.","S.Y. Kondr., Kärnefelt, Elix, A. Thell & Hur",,262410
TELOSCHISTACEAE,"Olegblumia sp.","S.Y. Kondr., Lőkös & Hur",,262422
TELOSCHISTACEAE,"Orientophila sp.","Arup, Søchting & Frödén",,262437
TELOSCHISTACEAE,"Pachypeltis sp.","Søchting, Arup & Frödén",,256961
TELOSCHISTACEAE,"Parvoplaca sp.","Arup, Søchting & Frödén",,256964
TELOSCHISTACEAE,"Polycauliona sp.",Hue,,124776
TELOSCHISTACEAE,"Pyrenodesmia sp.","A. Massal.",,67754
TELOSCHISTACEAE,"Rufoplaca sp.","Arup, Søchting & Frödén",,256969
TELOSCHISTACEAE,"Rusavskia sp.","S.Y. Kondr. & Kärnefelt",,256970
TELOSCHISTACEAE,"Scutaria sp.","Søchting, Arup & Frödén",,262429
TELOSCHISTACEAE,"Seirophora sp.",Poelt,,124791
TELOSCHISTACEAE,"Shackletonia sp.","Søchting, Frödén & Arup",,262438
TELOSCHISTACEAE,"Sirenophila sp.","Søchting, Arup & Frödén",,262430
TELOSCHISTACEAE,"Solitaria sp.","Arup, Søchting & Frödén",,256971
TELOSCHISTACEAE,"Squamulea sp.","Arup, Søchting & Frödén",,256973
TELOSCHISTACEAE,"Stellarangia sp.","Frödén, Arup & Søchting",,262431
TELOSCHISTACEAE,"Streimanniella sp.","S.Y. Kondr., Kärnefelt, A. Thell, Elix & Hur",,262412
TELOSCHISTACEAE,"Tassiloa sp.","S.Y. Kondr., Kärnefelt, A. Thell, Elix & Hur",,262432
TELOSCHISTACEAE,"Tayloriellina sp.","S.Y. Kondr., Kärnefelt, A. Thell, Elix & Hur",,262414
TELOSCHISTACEAE,"Teloschistes sp.",Norman,,52248
TELOSCHISTACEAE,"Teloschistopsis sp.","Frödén, Søchting & Arup",,258102
TELOSCHISTACEAE,"Thelliana sp.","S.Y. Kondr., Kärnefelt, Elix & Hur",,262415
TELOSCHISTACEAE,"Usnochroma sp.","Søchting, Arup & Frödén",,262423
TELOSCHISTACEAE,"Variospora sp.","Arup, Søchting & Frödén",,256977
TELOSCHISTACEAE,"Villophora sp.","Søchting, Arup & Frödén",,262433
TELOSCHISTACEAE,"Wetmoreana sp.","Arup, Søchting & Frödén",,256979
TELOSCHISTACEAE,"Xanthocarpia sp.","A. Massal. & De Not.",,192391
TELOSCHISTACEAE,"Xanthomendoza sp.","S.Y. Kondr. & Kärnefelt",,52250
TELOSCHISTACEAE,"Xanthopeltis sp.","R. Sant.",,193150
TELOSCHISTACEAE,"Xanthoria sp.","(Fr.) Th. Fr.",,52249
TELOSCHISTACEAE,"Yoshimuria sp.","S.Y. Kondr., Kärnefelt, Elix, A. Thell & Hur",,262424
TELOSCHISTACEAE,"Zeroviella sp.","S.Y. Kondr. & Hur",,262439
TELOSCHISTALES_FAMILY_INCERTAE_SEDIS,"Malcolmiella sp.",Vězda,,160718
TEPHROMELATACEAE,"Calvitimela sp.",Hafellner,,124683
TEPHROMELATACEAE,"Mycoblastus sp.",Norman,,52013
TEPHROMELATACEAE,"Tephromela sp.","M. Choisy",,51939
TEPHROMELATACEAE,"Violella sp.","T. Sprib.",,128479
THELENELLACEAE,"Aspidothelium sp.",Vain.,,62522
THELENELLACEAE,"Chromatochlamys sp.",Trevis.,,51824
THELENELLACEAE,"Thelenella sp.",Nyl.,,51826
THELOCARPACEAE,"Sarcosagium sp.","A. Massal.",,51915
THELOCARPACEAE,"Thelocarpon sp.",Nyl.,,51918
THROMBIACEAE,"Thrombium sp.",Wallr.,,51827
TRAPELIACEAE,"Amylora sp.",Rambold,,130076
TRAPELIACEAE,"Aspiciliopsis sp.","(Mull. Arg.) M. Choisy",,132809
TRAPELIACEAE,"Coppinsia sp.","Lumbsch & Heibel",,262536
TRAPELIACEAE,"Lignoscripta sp.","B.D. Ryan",,124741
TRAPELIACEAE,"Orceolina sp.",Hertel,,126292
TRAPELIACEAE,"Placopsis sp.","(Nyl.) Linds.",,52134
TRAPELIACEAE,"Placynthiella sp.",Elenkin,,52135
TRAPELIACEAE,"Rimularia sp.",Nyl.,,52128
TRAPELIACEAE,"Trapelia sp.","M. Choisy",,52136
TRAPELIACEAE,"Trapeliopsis sp.","Hertel & Gotth. Schneid.",,52137
TRYPETHELIACEAE,"Aptrootia sp.","Lücking & Sipman",,130617
TRYPETHELIACEAE,"Architrypethelium sp.",Aptroot,,130619
TRYPETHELIACEAE,"Arthopyrenia sp.","A. Massal.",,51853
TRYPETHELIACEAE,"Astrothelium sp.",Eschw.,,52233
TRYPETHELIACEAE,"Bathelium sp.",Ach.,,52234
TRYPETHELIACEAE,"Bogoriella sp.",Zahlbr.,,135647
TRYPETHELIACEAE,"Constrictolumina sp.","Lücking, M. P. Nelsen & Aptroot",,257569
TRYPETHELIACEAE,"Dictyomeridium sp.","Aptroot, M. P. Nelsen & Lücking",,257572
TRYPETHELIACEAE,"Distothelia sp.",Aptroot,,257717
TRYPETHELIACEAE,"Marcelaria sp.","Aptroot, M.P. Nelsen & Parnmen",,257719
TRYPETHELIACEAE,"Nigrovothelium sp.","Lücking, M.P. Nelsen & Aptroot",,257574
TRYPETHELIACEAE,"Novomicrothelia sp.","Aptroot, M.P. Nelsen & Lücking",,257576
TRYPETHELIACEAE,"Polymeridium sp.","(Müll. Arg.) R.C. Harris",,52236
TRYPETHELIACEAE,"Polypyrenula sp.","D. Hawksw.",,175061
TRYPETHELIACEAE,"Pseudopyrenula sp.","Müll. Arg.",,52237
TRYPETHELIACEAE,"Trypethelium sp.",Spreng.,,52238
TRYPETHELIACEAE,"Viridothelium sp.","Lücking, M.P. Nelsen & Aptroot",,257492
UMBILICARIACEAE,"Fulgidea sp.","Bendiksby & Timdal",,256952
UMBILICARIACEAE,"Umbilicaria sp.",Hoffm.,,52139
UMBILICARIACEAE,"Umbilicaria subg. Lasallia","(Mérat) Frey",,264965
UMBILICARIACEAE,"Xylopsora sp.","Bendiksby & Timdal",,256980
VAHLIELLACEAE,"Vahliella sp.","P.M. Jørg.",,127027
VERRUCARIACEAE,"Agonimia sp.",Zahlbr.,,52253
VERRUCARIACEAE,"Anthracocarpon sp.",Breuss,,130423
VERRUCARIACEAE,"Atla sp.","Savić & Tibell",,257067
VERRUCARIACEAE,"Awasthiella sp.","Kr.P. Singh",,262182
VERRUCARIACEAE,"Bagliettoa sp.","A. Massal.",,127037
VERRUCARIACEAE,"Catapyrenium sp.",Flot.,,52254
VERRUCARIACEAE,"Clauzadella sp.","Nav.-Ros. & Cl. Roux",,262183
VERRUCARIACEAE,"Clavascidium sp.",Breuss,,51801
VERRUCARIACEAE,"Dermatocarpon sp.",Eschw.,,52255
VERRUCARIACEAE,"Endocarpon sp.",Hedw.,,52256
VERRUCARIACEAE,"Flakea sp.","O.E. Erikss.",,124713
VERRUCARIACEAE,"Glomerilla sp.",Norman,,262185
VERRUCARIACEAE,"Henrica sp.","B. de Lesd.",,124718
VERRUCARIACEAE,"Heterocarpon sp.","Müll. Arg.",,52257
VERRUCARIACEAE,"Heteroplacidium sp.",Breuss,,124720
VERRUCARIACEAE,"Hydropunctaria sp.","C. Keller, Gueidan & Thüs",,127665
VERRUCARIACEAE,"Involucropyrenium sp.",Breuss,,124724
VERRUCARIACEAE,"Mastodia sp.","Hook. f. & Harv.",,66201
VERRUCARIACEAE,"Moriola sp.",Norman,,235638
VERRUCARIACEAE,"Neocatapyrenium sp.","H. Harada",,124755
VERRUCARIACEAE,"Normandina sp.",Nyl.,,51815
VERRUCARIACEAE,"Parabagliettoa sp.","Gueidan & Cl. Roux",,256963
VERRUCARIACEAE,"Phylloblastia sp.",Vain.,,173065
VERRUCARIACEAE,"Placidiopsis sp.",Beltr.,,52262
VERRUCARIACEAE,"Placidium sp.","A. Massal.",,52269
VERRUCARIACEAE,"Placocarpus sp.",Trevis.,,127372
VERRUCARIACEAE,"Placopyrenium sp.",Breuss,,52270
VERRUCARIACEAE,"Placothelium sp.","Müll. Arg.",,174221
VERRUCARIACEAE,"Polyblastia sp.","A. Massal.",,52263
VERRUCARIACEAE,"Psoroglaena sp.","Müll. Arg.",,52264
VERRUCARIACEAE,"Rhabdopsora sp.","Müll. Arg.",,178735
VERRUCARIACEAE,"Scleropyrenium sp.","H. Harada",,262186
VERRUCARIACEAE,"Servitia sp.","M.S. Christ. & Alstrup",,181029
VERRUCARIACEAE,"Spheconisca sp.","(Norman) Norman",,183916
VERRUCARIACEAE,"Sporodictyon sp.","A. Massal.",,127591
VERRUCARIACEAE,"Staurothele sp.",Norman,,52265
VERRUCARIACEAE,"Thelidiopsis sp.",Vain.,,186456
VERRUCARIACEAE,"Thelidium sp.","A. Massal.",,52266
VERRUCARIACEAE,"Trimmatothele sp.","Norman ex Zahlbr.",,52267
VERRUCARIACEAE,"Verrucaria sp.",Schrad.,,52268
VERRUCARIACEAE,"Verruculopsis sp.","Gueidan, Nav.-Ros. & Cl. Roux",,192353
VERRUCARIACEAE,"Wahlenbergiella sp.","Gueidan & Thüs",,127398
VERRUCARIALES_FAMILY_INCERTAE_SEDIS,"Botryolepraria sp.","Canals, Hern.-Mar., Gómez-Bolea & Llimona",,124679
VERRUCARIALES_FAMILY_INCERTAE_SEDIS,"Kalbiana sp.",Henssen,,262188
VEZDAEACEAE,"Vezdaea sp.","Tsch.-Woess & Poelt",,52140
XANTHOPYRENIACEAE,"Collemopsidium sp.",Nyl.,,51802
XYLOGRAPHACEAE,"Lambiella sp.",Hertel,,256955
XYLOGRAPHACEAE,"Lithographa sp.",Nyl.,,52127
XYLOGRAPHACEAE,"Ptychographa sp.",Nyl.,,51920
XYLOGRAPHACEAE,"Xylographa sp.","(Fr.) Fr.",,51922
ZYTHIACEAE,"Sarea sp.",Fr.,,51921
