Year,City,Observations,Species,People
2019,"Albuquerque, NM, USA",8230,1211,334
2019,"Alexandria, VA, USA",1227,363,76
2019,"Amarillo, TX, USA",594,247,23
2019,"Angel R Cabada, Mexico",2969,678,33
2019,"Ann Arbor, MI, USA",261,114,18
2019,"Aracaju, Brazil",0,0,0
2019,"Asheville, NC, USA",5438,1222,277
2019,"Athens, Greece",73,56,12
2019,"Atlanta, GA, USA",8920,1483,423
2019,"Austin, TX, USA",16005,2295,752
2019,"Baltimore, MD, USA",8499,1268,458
2019,"Bangor, Lewiston/Auburn, Portland, ME, USA",549,237,83
2019,"Banyoles, Catalonia",326,84,31
2019,"Barcelona, Catalonia",3808,593,70
2019,"Belo Horizonte, Brazil",4,4,4
2019,"Bel‚m, Brazil",1,1,1
2019,"Berlin, Germany",3003,596,732
2019,"Birmingham, AL, USA",3323,1066,231
2019,"Blacksburg, VA, USA",213,136,20
2019,"Boa Vista, Brazil",1,1,1
2019,"Bogot , Colombia",10583,1254,449
2019,"Boston, MA, USA",20329,1574,1107
2019,"Boulder-Denver Metro, CO, USA",6210,969,406
2019,"Brasilia, Brazil",752,316,100
2019,"Bristol & Bath City Region, UK",15350,1514,346
2019,"Buenos Aires, Argentina",2527,572,105
2019,"Calgary, Canada",4488,629,140
2019,"Campo Grande, Brazil",1,1,1
2019,"Canc£n, Mexico",1439,438,47
2019,"Cape Town, South Africa",53763,4588,1141
2019,"Catania, Italy",143,5,4
2019,"Charlotte, NC, USA",8715,1213,377
2019,"Charlottesville, VA, USA",460,241,46
2019,"Chiayi, Taiwan",10130,1607,169
2019,"Chicago, IL, USA",7985,1045,339
2019,"Chihuahua, Mexico",3329,677,38
2019,"Christchurch, New Zealand",17549,2377,312
2019,"Ciudad de M‚xico, Mexico",9751,1216,354
2019,"Cleveland-Akron-Canton, OH, USA",4126,972,273
2019,"Colombo, Brazil",0,0,0
2019,"Colorado Springs, CO, USA",3812,742,146
2019,"Concepci¢n, Brazil",133,65,6
2019,"Conde, Brazil",0,0,0
2019,"Corpus Christi, TX, USA",2943,852,155
2019,"Cotia, Brazil",1,1,1
2019,"Cuiab , Brazil",3,3,1
2019,"Curitiba, Brazil",63,50,9
2019,"Dallas - Fort Worth, TX, USA",36370,2637,1008
2019,"Diamantina, Brazil",0,0,0
2019,"Duluth, MN, USA",541,158,88
2019,"El Paso, TX, USA",1161,368,49
2019,"Ensenada, Mexico",11134,1442,247
2019,"Eugene-Springfield, OR, USA",2841,719,114
2019,"Florian¢polis, Brazil",8,6,4
2019,"Fort Collins, CO, USA",1996,512,157
2019,"Fortaleza, Brazil",1,1,1
2019,"Georgetown, Malaysia",7521,1213,167
2019,"Glasgow, Scotland",134,91,8
2019,"Goiƒnia, Brazil",3,1,2
2019,"Greater Manchester, UK",5096,806,135
2019,"Halifax, NS, Canada",7647,912,237
2019,"Hermosillo, Mexico",4227,595,55
2019,"Hoboken, NJ, USA",257,92,17
2019,"Hong Kong SAR, China",31144,3596,1128
2019,"Houston, TX, USA",24534,3367,898
2019,"Indianapolis, IN, USA",2882,643,168
2019,"Itapetininga, Brazil",0,0,0
2019,"Jo?o Pessoa, Brazil",0,0,0
2019,"Karlovac, Croatia",147,105,5
2019,"Klang Valley, Malaysia",37916,3020,518
2019,"La Paz, Bolivia",46931,3005,1500
2019,"La Plata, Argentina",670,287,22
2019,"Lake Charles, LA, USA",2653,924,62
2019,"Lansing, MI, USA",305,131,32
2019,"Lecce, Italy",324,39,15
2019,"Leicester, UK",4190,835,85
2019,"Lima, Peru",1160,290,57
2019,"Liverpool City Region, UK",12326,1075,121
2019,"Logan, UT, USA",603,206,28
2019,"London, UK",5464,1110,270
2019,"Los Angeles County, CA, USA",34125,3249,1555
2019,"Lower Rio Grande Valley, TX, USA",8773,1870,127
2019,"Luxembourg, Luxembourg",8220,1083,417
2019,"Macap , Brazil",0,0,0
2019,"Macau SAR, China",252,158,21
2019,"Macei¢, Brazil",0,0,0
2019,"Madrid, Spain",4872,883,85
2019,"Manaus, Brazil",766,357,4
2019,"Manhattan, KS, USA",332,135,25
2019,"Maui, HI, USA",368,234,22
2019,"Mazatl n, Mexico",27684,2500,511
2019,"Medell¡n, Colombia",14178,2480,451
2019,"Miami & Upper Keys, FL, USA",12127,1966,536
2019,"Minneapolis/St. Paul, MN, USA",5672,703,439
2019,"Monterrey, Mexico",15529,2129,332
2019,"Nairobi, Kenya",1666,350,30
2019,"Naples, Italy",776,299,46
2019,"Nashville, TN, USA",2292,715,168
2019,"Natal, Brazil",24,22,1
2019,"New Orleans, LA, USA",749,402,87
2019,"New York, NY, USA",25803,1637,466
2019,"Newcastle Upon Tyne, UK",3041,670,132
2019,"Newport News, VA, USA",1332,334,48
2019,"Niteroi, Brazil",5,3,1
2019,"Omaha, NE, USA",1895,532,139
2019,"Ostuni, Italy",293,60,12
2019,"Palmas, Brazil",0,0,0
2019,"Pamplona - Iru¤a, Spain",1473,355,41
2019,"Panam , Panam ",5225,1193,298
2019,"Parintins, Brazil",0,0,0
2019,"Philadelphia, PA, USA",13693,1584,565
2019,"Pittsburgh, PA, USA",5198,965,259
2019,"Port Aransas, TX, USA",816,367,34
2019,"Port Harcourt, Nigeria",591,300,31
2019,"Porto Alegre, Brazil",1,1,1
2019,"Porto Velho, Brazil",3,2,1
2019,"Prague, Czech Republic",7757,998,446
2019,"Quito, Ecuador",36401,666,1372
2019,"Raleigh, NC, USA",14054,1958,449
2019,"Recife, Brazil",3,3,1
2019,"Richmond, BC, Canada",1219,261,81
2019,"Richmond, VA, USA",417,228,69
2019,"Rio Branco, Brazil",470,207,13
2019,"Rio de Janeiro, Brazil",3,2,3
2019,"Rochester, NY, USA",978,371,86
2019,"Rome, Italy",226,131,47
2019,"Sacramento Region, CA, USA",9798,1279,536
2019,"Salt Lake City, UT, USA",3646,594,219
2019,"Salvador, Brazil",4,3,1
2019,"San Antonio, TX, USA",7818,1452,461
2019,"San Diego County, CA, USA",38241,3019,1188
2019,"San Francisco Bay Area, CA, USA",38028,3183,1947
2019,"Santarem, Brazil",8,8,2
2019,"Santiago, Brazil",2414,474,181
2019,"Seattle-Tacoma Metropolitan Area, WA, USA",2946,853,235
2019,"Spartanburg, SC, USA",181,120,16
2019,"St. Louis Metro Area, MO, USA",13758,1606,779
2019,"S?o Lu¡s, Brazil",0,0,0
2019,"S?o Paulo, Brazil",324,137,24
2019,"Tallahassee, FL, USA",11262,1845,408
2019,"Taranto, Italy",988,187,38
2019,"Tel Aviv, Israel",6,6,3
2019,"Tena, Ecuador",37965,2653,1185
2019,"Teresina, Brazil",0,0,0
2019,"Teton-Yellowstone Communities, WY/ID, USA",234,98,12
2019,"Tokyo, Japan",3897,633,154
2019,"Torreon, Mexico",269,131,11
2019,"Trento, Italy",166,72,6
2019,"Trinitapoli, Italy",173,45,14
2019,"Tulsa, OK, USA",196,142,38
2019,"Tuxtla Gutierrez, Mexico",5744,990,439
2019,"Vail, CO, USA",90,69,8
2019,"Vicenza-Padova, Italy",94,64,11
2019,"Victoria, Mexico",249,163,12
2019,"Vit¢ria, Brazil",0,0,0
2019,"Washington, D.C., USA",29942,2258,1258
2019,"Wilmington, DE, USA",445,202,46
2019,"Youngstown, OH, USA",109,77,18
2019,"Zagreb, Croatia",58,54,6
2020,"Adelaide, South Australia, Australia",6701,1205,188
2020,"Aguascalientes, Aguascalientes, México",159,110,27
2020,"Alachua County, Florida, USA",10287,1773,276
2020,"Albuquerque, New Mexico, USA",5020,1013,316
2020,"Alexandria, Virginia, USA",365,213,42
2020,"Amarillo, Texas, USA",1370,409,29
2020,"Ann Arbor, Michigan, USA",1723,497,99
2020,"Annapolis Valley, Nova Scotia, Canada",2225,583,61
2020,"Asheville (Western NC), North Carolina, USA",6498,1392,521
2020,"Atlanta, Georgia, USA",7215,1392,754
2020,"Auckland, Auckland, New Zealand",2218,885,211
2020,"Austin, Texas, USA",18213,2505,1165
2020,"Azuero (Herrera), Panamá",3515,1125,63
2020,"Baltimore, Maryland, USA",10961,1501,663
2020,"Banyoles, Catalonia, Spain",82,30,15
2020,"Barcelona, Catalonia, Spain",275,126,16
2020,"Bedford, New York, USA",1235,448,46
2020,"Birmingham & Black Country, Midlands, UK",16145,1370,276
2020,"Birminghham Metro Area, Alabama, USA",1756,781,196
2020,"Blacksburg, Virginia, USA",293,178,38
2020,"Bocas del Toro, Panamá",591,332,26
2020,"Bolzano, South Tyrol, Italy",3271,934,148
2020,"Boston, Massachusetts, USA",15249,1765,1013
2020,"Brasília, DF, Brazil",1036,437,58
2020,"Brighton & Lewes Downs Biosphere, South-east, UK",1926,598,111
2020,"Bristol & Bath, UK",8851,1354,539
2020,"Brno, Jihomoravský kraj, Czech Republic",2648,614,129
2020,"Cafayate, Salta, Argentina",0,0,0
2020,"Calgary Metropolitan Region (CMR), Alberta, Canada",5465,755,239
2020,"Cali, Valle del Cauca, Colombia",31,22,9
2020,"Cape Breton Regional Municipality, Nova Scotia, Canada",1327,334,28
2020,"Cape Town, Western Cape, South Africa",34147,3263,1029
2020,"Carmen de Patagones, Buenos Aires, Argentina",43,29,3
2020,"Catania, Sicilia, Italy",30,0,1
2020,"Central Taiwan, Taichung, Taiwan",4518,1477,183
2020,"Charlotte Metro, North Carolina, USA",1860,742,286
2020,"Charlottesville, Virginia, USA",1483,550,123
2020,"Charlottetown (Urban PEI), Prince Edward Island, Canada",182,106,22
2020,"Chattanooga, Tennessee, USA",3418,1075,250
2020,"Chiayi, Chiayi, Taiwan",11937,1827,133
2020,"Chicago, Illinois, USA",4299,802,552
2020,"Cisternino, Puglia, Italy",92,34,3
2020,"Ciudad Autónoma de Buenos Aires, Buenos Aires, Argentina",1488,569,118
2020,"Ciudad Victoria, Tamaulipas, México",26,21,6
2020,"Cleveland-Akron-Canton, Ohio, USA",6055,1035,491
2020,"Cocle, Panamá",1530,678,56
2020,"Colmenar Viejo, Madrid, Spain",3298,453,33
2020,"Colon, Panamá",3493,1139,109
2020,"Colorado Springs, Colorado, USA",3443,717,91
2020,"Concepción del Uruguay, Entre Ríos, Argentina",2,2,1
2020,"Constantine, Constantine, Algeria",835,335,6
2020,"Copenhagen, Copenhagen, Denmark",1649,655,83
2020,"Copertino, Puglia, Italy",90,69,1
2020,"Cuautitlán Izcalli, Estado de México, México",14,12,6
2020,"Curitiba, Paraná, Brazil",2697,779,121
2020,"Córdoba, Córdoba, Argentina",228,144,28
2020,"Dallas/Fort Worth (DFW), Texas, USA",33506,2962,1253
2020,"Darien, Panamá",1231,606,24
2020,"Davao City, Davao del Sur, Philippines",3630,968,93
2020,"David City, Chiriquí, Panamá",7096,1850,180
2020,"Denver-Boulder Metro Area, Colorado, USA",5847,838,443
2020,"Dorila, La Pampa, Argentina",474,250,16
2020,"Durban, KwaZulu-Natal, South Africa",2066,903,52
2020,"El Paso, Texas, USA",1496,489,72
2020,"El Salvador, El Salvador",1140,423,95
2020,"Eldorado, Misiones, Argentina",360,219,3
2020,"Ensenada, Baja California, México",6649,1124,96
2020,"Eugene/Springfield, Oregon, USA",2824,786,144
2020,"Fairfield County, Connecticut, USA",3156,808,364
2020,"Fort Wayne, Indiana, USA",1963,500,117
2020,"Fukutsu, Fukuoka, Japan",455,231,17
2020,"Gaborone, SE Botswana, Botswana",1260,486,2
2020,"Garden Route, Western Cape, South Africa",17743,2734,315
2020,"Geelong, Victoria, Australia",5949,1384,135
2020,"General Villegas, Buenos Aires, Argentina",113,74,6
2020,"Gero, Gifu, Japan",126,34,3
2020,"Glasgow, Glasgow, UK",2086,589,106
2020,"Gran Área Metropolitana, San José-GAM, Costa Rica",2097,687,178
2020,"Graz, Styria, Austria",4398,1350,95
2020,"Greater Kansas City Metro Area, Missouri and Kansas, USA",677,348,123
2020,"Greater Manchester, North West, UK",4740,832,221
2020,"Greater Philadelphia Area, Pennsylvania, USA",23675,2032,820
2020,"Greater Richmond Region, Virginia, USA",1443,573,160
2020,"Greater Saint John, New Brunswick, Canada",500,228,33
2020,"GTM Research Reserve Watershed, Florida, USA",601,322,47
2020,"Guadalajara, Jalisco, México",134,101,22
2020,"Gualeguaychú, Entre Ríos, Argentina",151,104,11
2020,"Guanajuato, Guanajuato, México",27,19,2
2020,"Guayaquil, Guayas, Ecuador",731,331,60
2020,"Guimarães, Braga, Portugal",181,144,55
2020,"Gálvez, Santa Fé, Argentina",1,1,1
2020,"Halifax Regional Municipality (HRM), Nova Scotia, Canada",4318,766,185
2020,"Honduras, Honduras",2214,869,189
2020,"Hong Kong SAR, Hong Kong SAR, China",17137,3007,460
2020,"Houston-Galveston, Texas, USA",27624,3359,1265
2020,"Indianapolis, Indiana, USA",4541,948,344
2020,"Inland Empire, California, USA",10899,1835,485
2020,"Iskandar, Johor, Malaysia",579,282,23
2020,"Jastrebarsko, Zagreba?ka županija, Croatia",8,8,1
2020,"Johnson City/Washington County, Tennessee, USA",1192,462,34
2020,"Jonesboro, Arkansas, USA",275,166,30
2020,"Kaohsiung, Kaohsiung, Taiwan",1023,474,68
2020,"Karlovac, Karlova?ka županija, Croatia",185,138,3
2020,"Kisumu, Kenya",0,0,0
2020,"Kitsap County, Washington, USA",808,311,88
2020,"Knox County, Tennessee, USA",1484,553,91
2020,"Krems + Wachau, Lower Austria, Austria",841,357,30
2020,"Kursk, Kursk, Russia",1427,580,11
2020,"La Paz/El Alto, La Paz, Bolivia",3354,635,139
2020,"La Plata, Buenos Aires, Argentina",977,386,39
2020,"Lancashire, North West, UK",5331,1044,143
2020,"Lawrence, Kansas, USA",160,94,21
2020,"Lecce, Puglia, Italy",416,236,4
2020,"Lincoln, Nebraska, USA",1674,508,70
2020,"Lisbon, Portugal",404,234,51
2020,"Liverpool City Region, North-west, UK",5938,991,169
2020,"Logan, Utah, USA",263,151,27
2020,"Loja, Loja, Ecuador",1095,364,32
2020,"London, London, UK",5731,1069,537
2020,"Los Angeles County, California, USA",19134,2494,1568
2020,"Lower Rio Grande Valley, Texas, USA",7499,1673,150
2020,"Luquilo, Puerto Rico, USA",0,0,0
2020,"Luxembourg, Luxembourg, Luxembourg",5860,1077,423
2020,"Lviv, Lvivska, Ukraine",7,7,2
2020,"Maastricht, Limburg, Netherlands",1299,429,77
2020,"Macao SAR, Macao SAR, China",546,307,19
2020,"Madrid, Madrid, Spain",488,19,11
2020,"Managua, Managua, Nicaragua",901,430,42
2020,"Manaus, Amazonas, Brazil",1144,456,27
2020,"Manhattan, Kansas, USA",406,203,38
2020,"Manta, Manabi, Ecuador",135,102,8
2020,"Mar del Plata, Buenos Aires, Argentina",419,186,20
2020,"Massa Lubrense, Campania, Italy",24,3,2
2020,"Maui, Hawaii, USA",114,91,14
2020,"Mendocino County, California, USA",1407,624,106
2020,"Mendoza, Mendoza, Argentina",262,157,22
2020,"Minneapolis-St. Paul, Minnesota, USA",5550,815,583
2020,"Mombasa, Kenya",0,0,0
2020,"Montecarlo, Misiones, Argentina",96,49,4
2020,"Monterrey zona metropolitana, Nuevo Leon, México",1663,646,70
2020,"Montréal, Québec, Canada",640,241,96
2020,"Morelia, Michoacán, México",2398,871,52
2020,"Moscow, Moscow, Russia",5969,637,63
2020,"Nairobi, Kenya",19,18,10
2020,"Nanning, Guangxi, China",1123,393,28
2020,"Napoli, Campania, Italy",8,8,1
2020,"Narok, Kenya",1,1,1
2020,"Nashville, Tennessee, USA",2611,805,245
2020,"Nelson Mandela Bay, Eastern Cape, South Africa",701,403,23
2020,"New Orleans, Louisiana, USA",565,355,144
2020,"New York City, New York, USA",7545,967,364
2020,"North East England, North East England, UK",5281,817,177
2020,"North Taiwan, Taipei, Taiwan",11941,2004,426
2020,"Northern Colorado, Colorado, USA",922,381,122
2020,"Nottingham City, Midlands, UK",2707,673,104
2020,"Oahu, Hawaii, USA",447,217,40
2020,"Omaha, Nebraska, USA",1880,549,185
2020,"Orange County, California, USA",3921,1078,281
2020,"Ostuni, Puglia, Italy",430,35,5
2020,"Ottawa-Gatineau (NCR), Ontario/Québec, Canada",2894,687,203
2020,"Palermo, Sicilia, Italy",4,3,3
2020,"Panamá, Panamá, Panamá",2347,785,118
2020,"Paso de Ovejas, Veracruz, México",181,110,3
2020,"Pereira, Risaralda, Colombia",180,147,5
2020,"Perú, Perú",1648,534,385
2020,"Pioneer Valley, Massachusetts, USA",1240,438,110
2020,"Pittsburgh Region, Pennsylvania, USA",8290,1414,487
2020,"Playa del Carmen-Tulum- Puerto Morelos (Riviera Maya), Quintana Roo, México",950,385,49
2020,"Port Aransas (Mustang Island), Texas, USA",771,342,37
2020,"Port Harcourt/Eagle Island, Rivers/Nigeria, Nigeria",0,0,0
2020,"Posadas, Misiones, Argentina",157,92,17
2020,"Prague, Czech Republic",9955,1268,404
2020,"Puebla, Puebla, México",922,381,41
2020,"Puerto Iguazú, Misiones, Argentina",492,257,20
2020,"Querétaro, Querétaro, México",323,212,19
2020,"Redlands City, Queensland, Australia",290,174,33
2020,"Riberalta, Vaca Diez/Beni, Bolivia",1621,612,31
2020,"Richmond, British Columbia, Canada",877,354,60
2020,"Rio Branco, Brazil",1250,441,18
2020,"Rochester, New York, USA",295,152,57
2020,"Rock River Valley (Rockford), Illinois, USA",5577,757,144
2020,"Rosario, Santa Fé, Argentina",58,41,8
2020,"Río Grande, Tierra del Fuego, Antártida e Islas del Atlántico Sur, Argentina",45,37,2
2020,"Sacramento, California, USA",8703,1654,742
2020,"Salta, Salta, Argentina",249,130,9
2020,"San Antonio de Areco, Buenos Aires, Argentina",0,0,0
2020,"San Antonio, Texas, USA",12472,2032,703
2020,"San Carlos de Bariloche, Río Negro, Argentina",252,104,21
2020,"San Cristóbal de las Casas, Chiapas, México",467,286,26
2020,"San Diego County, California, USA",17213,2409,920
2020,"San Francisco Bay Area, California, USA",31450,2975,2496
2020,"San Francisco de Macoris, Duarte, Republica Dominicana",1,1,1
2020,"San Luis Potosí, San Luis Potosí, México",340,212,14
2020,"San Miguel de Tucumán, Tucumán, Argentina",1377,472,66
2020,"San pedro Pochutla, Oaxaca, México",61,49,6
2020,"Santa Cruz de la Sierra, Santa Cruz, Bolivia",7173,1347,336
2020,"Santo Domingo, Santo Domingo, Republica Dominicana",56,45,10
2020,"Savannah, Georgia, USA",166,115,46
2020,"Seattle-Tacoma Metropolitan Area, Washington, USA",5190,1044,565
2020,"Sevastopol, Sevastopol, Russia",4755,992,28
2020,"South Bend (Michiana), Indiana, USA",302,144,33
2020,"South Florida, Florida, USA",8430,1743,441
2020,"Southeastern Coastal NC, North Carolina, USA",4823,1358,324
2020,"Southwest Louisiana, Louisiana, USA",1061,575,53
2020,"Spartanburg County, South Carolina, USA",48,38,13
2020,"St. Louis, Missouri and Illnois, USA",7011,1259,646
2020,"Sucre, Chuquisaca, Bolivia",719,269,50
2020,"Surrey, BC/Metro Vancouver, Canada",2599,570,78
2020,"Sydney (Greater Sydney Area), New South Wales , Australia",3829,1245,164
2020,"São Paulo, Brazil",202,101,24
2020,"Tainan City, Tainan, Taiwan",2072,677,116
2020,"Tandil, Buenos Aires, Argentina",61,45,6
2020,"Taoyuan-Hsinchu, Hsinchu, Taiwan",7908,1690,241
2020,"Taranto, Puglia, Italy",217,84,2
2020,"Tepic, Nayarit, México",0,0,0
2020,"Teton Communities, Wyoming, USA",273,123,14
2020,"The Hague, Netherlands",875,501,17
2020,"The Wasatch, Utah, USA",6868,1047,636
2020,"Tijuana, Baja California, México",420,250,50
2020,"Tlaxco, Tlaxcala, México",0,0,0
2020,"Tokyo, Tokyo, Japan",1138,416,56
2020,"Tolhuin, Tierra del Fuego, Antártida e Islas del Atlántico Sur, Argentina",0,0,0
2020,"Toluca, Estado de México, México",932,334,12
2020,"Torreon (Comarca Lagunera), Coahuila, México",1213,461,20
2020,"Trento, Trentino Alto Adige, Italy",330,191,22
2020,"Triangle Area, North Carolina, USA",18234,2419,984
2020,"Trieste, Friuli-Venezia Giulia, Italy",12,1,2
2020,"Trinitapoli, Puglia, Italy",62,17,3
2020,"Tshwane, Gauteng, South Africa",959,537,54
2020,"Tulsa Metro Area, Oklahoma, USA",1775,720,177
2020,"Tuxpan, Veracruz, México",121,68,3
2020,"Ushuaia, Tierra del Fuego, Antártida e Islas del Atlántico Sur, Argentina",161,71,6
2020,"Veraguas, Panamá",2332,858,135
2020,"Vienna, Vienna, Austria",5043,1252,111
2020,"Washington Metropolitan Area, District of Columbia/Virginia/Maryland/West Virginia, USA",27853,2456,1531
2020,"West Panamá, Panamá",1467,576,81
2020,"Westmorland County, New Brunswick, Canada",1886,485,50
2020,"Wilmington, Delaware, USA",1172,497,95
2020,"Youngstown (Mahoning River Valley), Ohio, USA",501,246,76
2020,"Zagreb, Grad Zagreb, Croatia",59,52,9
2020,"Zihuatanejo de Azueta, Guerrero, México",934,244,18
2020,"Zona Metropolitana Veracruz, Veracruz, México",1104,348,36
2020,"?tautahi/Christchurch, Canterbury, New Zealand",7579,1399,157
2020,"?tepoti/Dunedin, Otago, New Zealand",2506,832,97
2021,"25 de Mayo y alrededores, La Pampa, Argentina",140,88,3
2021,"Acatlán, Veracruz, México",537,269,6
2021,"Adelaide (Greater Adelaide), South Australia, Australia",5353,1099,157
2021,"Agulo, Santa Cruz de Tenerife, España",0,0,0
2021,"Ahome, Sinaloa, México",445,250,12
2021,"Aínsa, Huesca, España",0,0,0
2021,"Alachua County (Gainesville), Florida, USA",10407,1886,276
2021,"Albeniego, Guadalajara, España",103,78,2
2021,"Albuquerque, New Mexico, USA",10605,1273,350
2021,"Alcalá de Henares, Madrid, España",46,37,6
2021,"Alpedrete, Madrid, España",66,65,1
2021,"Amanalco de Becerra, Estado de México, México",332,176,4
2021,"Amarillo, Texas, USA",966,277,29
2021,"Andujar, Andalucia, España",0,0,0
2021,"Angel R. Cabada, Veracruz, México",1927,358,15
2021,"Anguil, Santa Rosa y alrededores, La Pampa, Argentina",103,80,5
2021,"Ann Arbor, Michigan, USA",1594,464,137
2021,"Annapolis Valley, Nova Scotia, Canada",1464,574,62
2021,"Anta, Cusco, Anta, Perú",3,1,3
2021,"Apaxco de Ocampo, Estado de México, México",1265,421,15
2021,"Arequipa, Arequipa, Perú",277,129,19
2021,"Athens, Athens, Greece",296,208,46
2021,"Atlanta, Georgia, USA",7205,1516,488
2021,"Austin, Texas, USA",16929,2480,1055
2021,"Azuero, Herrera & Los Santos, Panamá",1647,688,30
2021,"Balsa Las Perlas y alrededores, Río Negro, Argentina",1,1,1
2021,"Baltimore Area, Maryland, USA",13421,1917,854
2021,"Bangkok, Thailand",273,171,34
2021,"Barcelona, Barcelona, España",1485,299,28
2021,"Bari, Puglia, Italy",151,3,11
2021,"Bariloche y alrededores, Río Negro, Argentina",161,92,9
2021,"Baton Rouge, Louisiana, USA",7687,1539,264
2021,"Berlin, Berlin, Germany",5045,740,86
2021,"Birmingham & Black Country, Midlands, UK",9278,914,186
2021,"Birmingham Metro Area, Alabama, USA",1158,563,147
2021,"Blacksburg, Virginia, USA",362,235,47
2021,"Boca Raton, Florida, USA",75,51,15
2021,"Bocas del Toro, Bocas del Toro, Panamá",1005,436,32
2021,"Bogotá, Cundinamarca, Colombia",6396,910,309
2021,"Boise Area, Idaho, USA",3157,587,126
2021,"Bolzano/Bozen, South Tyrol, Italy",1113,464,51
2021,"Bonner County (Sandpoint), Idaho, USA",1308,356,58
2021,"Boston Area, Massachusetts, USA",24111,2093,1759
2021,"Botswana Central, Central District Botswana, Botswana",0,0,0
2021,"Botswana Gaborone and SE, Botswana SE, Botswana",709,307,2
2021,"Botswana North, Northern Botswana, Botswana",1477,735,14
2021,"Botswana South, Botswana, Botswana",31,24,1
2021,"Brasília and Economic Region, Distrito Federal, Goias and Minas Gerais, Brazil",3605,940,169
2021,"Bratislava, Bratislava Region, Slovakia",240,150,20
2021,"Brazos Valley (Bryan-College Station), Texas, USA",1116,504,88
2021,"Brighton & Eastern Downs, South East England, UK",6101,1128,133
2021,"Brisbane, Queensland, Australia",372,241,47
2021,"Bristol and Bath City Region, UK",8299,1019,417
2021,"Brno, Czech Republic",7973,1032,357
2021,"Brunete, Madrid, España",177,96,8
2021,"Brunico/Bruneck, South Tyrol, Italy",327,202,19
2021,"Bucaramanga, Santander, Colombia",6718,1333,368
2021,"Buenos Aires y alrededores, Ciudad Autónoma de Buenos Aires, Argentina",2822,734,136
2021,"Burlington/Winooski, Vermont, USA",1762,425,138
2021,"Cáceres, Extremadura, España",2,2,2
2021,"Cairns, Queensland, Australia",73,42,21
2021,"Cajamarca, Cajamarca, Perú",38,11,4
2021,"Calca, Cusco,Calca, Perú",35,30,4
2021,"Calgary Metropolitan Region, Alberta, Canada",6689,778,267
2021,"Cali, Valle del Cauca, Colombia",1210,497,48
2021,"Camrose County, Alberta, Canada",113,69,7
2021,"Cañada de Gómez y alrededores, Santa Fe, Argentina",7,7,2
2021,"Canberra, Australian Capital Territory, Australia",66,52,12
2021,"Canchis, Cusco, Canchis, Perú",123,64,6
2021,"Cancún, Quintana Roo, México",495,231,24
2021,"Cape Breton Regional Municipality, Nova Scotia, Canada",2604,470,24
2021,"Cape Town, Western Cape, South Africa",71142,4766,1315
2021,"Caravelí, Arequipa, Perú",0,0,0
2021,"Cardiff and Newport, South Wales, UK",702,324,65
2021,"Catania, Sicilia, Italy",442,98,9
2021,"Caylloma, Arequipa, Perú",38,24,3
2021,"Cd. Hidalgo, Michoacán, México",72,55,5
2021,"Celendin, Cajamarca, Perú",0,0,0
2021,"Central Ohio (Columbus), Ohio, USA",1373,558,205
2021,"Central Taiwan (Taichung,Miaoli,Nantong,Changhua), Central Taiwan, Taiwan",2775,942,174
2021,"Chapinería, Madrid, España",60,42,2
2021,"Charlotte County (St. Andrews/St. Stephen), New Brunswick, Canada",106,64,5
2021,"Charlotte Metro Region, North Carolina, USA",2971,970,299
2021,"Charlottesville, Virginia, USA",1557,632,186
2021,"Charlottetown (Urban PEI), Prince Edward Island, Canada",392,208,6
2021,"Chattanooga, Tennessee, USA",3356,1090,257
2021,"Chiayi, Yunlin, Chiayi-Yunlin Taiwan, Taiwan",17211,1907,142
2021,"Chicago Metro, Illinois, USA",12112,1543,1091
2021,"Chinandega, Chinandega, Nicaragua",390,179,3
2021,"Chiriqui, Chiriqui, Panamá",2111,831,86
2021,"Chupaca, Junín, Perú",99,45,7
2021,"Cincinnati - Hamilton County, Ohio, USA",3414,807,260
2021,"Cisternino, Puglia, Italy",490,87,5
2021,"Ciudad de México, Ciudad de México, México",3881,760,204
2021,"Ciudad de Panamá y San Miguelito, Panamá, Panamá",3029,1053,171
2021,"Cleveland-Akron-Canton, Ohio, USA",6676,1184,521
2021,"Coacalco de Berriozabal, Estado de México, México",303,145,10
2021,"Coatzacoalcos, Veracruz, México",37,30,2
2021,"Cochabamba, Cochabamba, Bolivia",1298,422,44
2021,"Cocle, Coclé, Panamá",302,198,37
2021,"Colmenar Viejo, Madrid, España",3926,568,45
2021,"Colón, Colón, Panamá",1273,465,87
2021,"Colorado Springs, Colorado, USA",939,377,65
2021,"Comarca Lagunera, Coahuila-Durango, México",1351,318,22
2021,"Constantine, Constantine, Algeria",641,245,5
2021,"Copenhagen, Copenhagen, Denmark",2181,748,164
2021,"Córdoba y alrededores, Córdoba, Argentina",92,77,12
2021,"Coronda, Gálvez y alrededores, Santa Fe, Argentina",7,6,7
2021,"Corpus Christi Area, Texas, USA",983,460,62
2021,"Cosalá, Sinaloa, México",3728,698,77
2021,"Costa Mesa-Orange County, California, USA",3275,970,313
2021,"Coventry, West Midlands, UK",391,184,22
2021,"Coyotepec, Estado de México, México",4517,659,51
2021,"Cuautitlán Izcalli, Estado de México, México",861,252,28
2021,"Cuenca, Castilla La Mancha, España",101,83,4
2021,"Cuernavaca, Morelos, México",7796,1298,225
2021,"Curitiba and Metropolitan Region, Paraná State, Brazil",3795,965,176
2021,"Cusco, Cusco, Perú",428,176,26
2021,"Dallas, Fort Worth, Texas, USA",37594,3060,1124
2021,"Darien, Darien, Panamá",216,183,9
2021,"Darwin, Northern Territory, Australia",16,13,5
2021,"Davao City, Philippines",4504,1044,160
2021,"Denver-Boulder Metro, Colorado, USA",4362,735,365
2021,"Dorila y alrededores, La Pampa, Argentina",98,58,5
2021,"Dubai, Dubai and the Northern Emirates, UAE",36,13,9
2021,"Edinburgh (Greater Edinburgh), Scotland central belt, Scotland UK",1278,426,86
2021,"Edmonton Metro Area, Alberta, Canada",1153,365,58
2021,"El Álamo, Madrid, España",529,219,11
2021,"El Espinar, Segovia, España",4,3,2
2021,"El Paso, Texas, USA",1063,373,53
2021,"El Salvador (Chalchuapa), Santa Ana, El Salvador",1148,477,64
2021,"Eldorado y alrededores, Misiones, Argentina",4,4,2
2021,"Ensenada, Baja California, México",6925,1032,85
2021,"Esperanza y alrededores, Santa Fe, Argentina",180,129,7
2021,"eThekwini (Durban), South Africa",7442,1631,125
2021,"Eugene/Springfield, Oregon, USA",2324,672,189
2021,"Fairfield and Westchester Counties, Connecticut/New York, USA",2707,718,365
2021,"Fajardo, Puerto Rico, USA",9,9,4
2021,"Florencia, Caquetá, Caquetá, Colombia",0,0,0
2021,"Fort Wayne Area, Indiana, USA",1504,455,132
2021,"Fredericton, New Brunswick, Canada",192,126,32
2021,"Fuencarral-El Pardo, Madrid, España",1644,252,18
2021,"Fukutsu, Fukuoka, JAPAN",302,174,12
2021,"Garden Route District, Western Cape, South Africa",19977,3073,244
2021,"Geelong, Victoria, Australia",3336,1079,74
2021,"General Acha y alrededores, La Pampa, Argentina",470,292,3
2021,"General Las Heras y alrededores, Buenos Aires, Argentina",13,13,2
2021,"General Pico y alrededores, La Pampa, Argentina",2369,522,10
2021,"Georgetown, Penang, Malaysia",601,328,19
2021,"Getafe, Madrid, España",486,259,14
2021,"Glasgow (Greater Glasgow), Scotland central belt, Scotland UK",1307,378,72
2021,"Gloucester & Cheltenham, Gloucestershire, UK",500,243,68
2021,"Gold Coast, Queensland, Australia",87,60,16
2021,"Gran Área Metropolitana (GAM), Gran Area Metropolitana, Costa Rica",2655,948,104
2021,"Graz, Steiermark, Austria",17163,2493,223
2021,"Guadalajara y área metropolitana, Jalisco, México",1251,498,57
2021,"Guadalix de la Sierra, Madrid, España",525,177,25
2021,"Guadarrama, Madrid, España",282,102,29
2021,"Guanabara Bay Hydrographic Region, Rio de Janeiro State (Yes!), Brazil",4190,1292,96
2021,"Guanajuato, Guanajuato, México",17,12,5
2021,"Guimarães, Braga, Portugal",600,402,120
2021,"Halifax Regional Municipality, Nova Scotia, Canada",5753,932,220
2021,"Hamburg, Hamburg, Germany",1453,434,39
2021,"Hamilton (The Hammer), Ontario, Canada",3269,764,160
2021,"Hampton Roads, Virginia, USA",1303,559,170
2021,"Hardegg, Lower Austria, Austria",2077,449,40
2021,"Heart of Texas (Waco), Texas, USA",4216,1227,156
2021,"Helvecia y alrededores, Santa Fe, Argentina",6,5,1
2021,"Heretaunga and Ahuriri / Hastings and Napier, Hawke's Bay, New Zealand",401,194,23
2021,"Honduras, Honduras",3656,1278,105
2021,"Hong Kong SAR, Hong Kong SAR, China",29781,4179,1081
2021,"Houston-Galveston, Texas, USA",33452,3707,1190
2021,"Hsinchu, Taiwan, Taiwan",3491,1081,92
2021,"Huancayo, Junín, Perú",514,210,23
2021,"Huanta, Ayacucho, Perú",100,42,2
2021,"Huichapan, Hidalgo, México",10,6,3
2021,"Indianapolis, Indiana, USA",4360,945,268
2021,"Inland Empire, California, USA",10741,1771,480
2021,"Intendente Alvear y alrededores, La Pampa, Argentina",7,6,2
2021,"Irkutsk, Irkutsk Oblast, Russia",1852,479,16
2021,"Iskandar Malaysia, Johor, Malaysia",2945,824,64
2021,"Islay, Arequipa, Perú",40,25,3
2021,"Ithaca, New York, USA",3134,811,174
2021,"Jilotepec, Estado de México, México",725,258,19
2021,"Jinotepe, Carazo, Nicaragua",910,348,26
2021,"Junín, Junín, Perú",317,81,12
2021,"Kamloops, British Columbia, Canada",544,231,36
2021,"Kansas City (Greater Kansas City Metro Area), Missouri, USA",1123,455,196
2021,"Kaohsiung, Taiwan, Taiwan",537,322,85
2021,"Karlova?ka županija, Karlova?ka županija, Croatia",104,87,3
2021,"Kiel Region, Schleswig-Holstein, Germany",5357,891,196
2021,"Klagenfurt, Kärnten, Austria",957,478,24
2021,"Klang Valley (Kuala Lumpur), Kuala Lumpur, Malaysia",9397,1373,448
2021,"Knox Area (Knoxville), Tennessee, USA",2130,753,288
2021,"Krems & Wachau, Lower Austria, Austria",788,403,25
2021,"La Convención, Cusco, La Convención, Perú",68,39,4
2021,"La Paz/El Alto, La Paz, Bolivia",476,188,17
2021,"La Plata y Costa sur del Río de La Plata, Buenos Aires, Argentina",1874,663,53
2021,"La Unión, Arequipa, Perú",16,9,1
2021,"Lancashire, UK",2983,908,110
2021,"Larissa, Thessalia, Greece",306,145,9
2021,"Las Rosas y alrededores, Santa Fe, Argentina",0,0,0
2021,"Lecce, Puglia, Italy",92,5,5
2021,"Lethbridge, Alberta, Canada",589,210,30
2021,"Lexington, Kentucky, USA",2607,764,164
2021,"Lima, Lima, Perú",2959,586,165
2021,"Lincoln, Nebraska, USA",1921,691,74
2021,"Linz, Upper Austria, Austria",1143,442,54
2021,"Liverpool City Region, Merseyside, UK",8900,940,111
2021,"Llanes, Asturias, España",12,12,1
2021,"Loja, Loja, Ecuador",1292,298,21
2021,"London, London, UK",4721,963,323
2021,"Loreto y alrededores, Corrientes, Argentina",210,153,6
2021,"Los Angeles County, California, USA",22037,2638,1507
2021,"Lower Rio Grande Valley, Texas, USA",7914,1717,144
2021,"Lubbock, Texas, USA",6265,911,93
2021,"Lucanas, Ayacucho, Perú",3,0,1
2021,"Luxembourg, Luxembourg, Luxembourg",5341,888,268
2021,"Lviv, Lvivska, Ukraine",31,20,11
2021,"Macao SAR, Macao SAR, China",2241,637,96
2021,"Madre de Dios (Manu National Park), Manu, Perú",3,3,1
2021,"Managua, Managua, Nicaragua",2772,808,114
2021,"Manaus and Metropolitan Region, Amazonas State, Brazil",725,334,19
2021,"Manchester (Greater Manchester), Greater Manchester, UK",1844,526,86
2021,"Manduria, Puglia, Italy",1268,388,24
2021,"Manhattan (Greater Manhattan Area), Kansas, USA",286,155,24
2021,"Maravatio, Michoacán, México",64,43,2
2021,"Massa Lubrense, Campania, Italy",1412,403,46
2021,"Maui, Hawaii, USA",369,226,29
2021,"Maury County (Columbia), Tennessee, USA",117,91,17
2021,"Mazatlán, Sinaloa, México",15175,1491,99
2021,"Melbourne Eastern Metropolitan Area, Victoria, Australia",7629,1106,323
2021,"Mendocino County, California, USA",1859,708,137
2021,"Mendoza, Mendoza, Argentina",507,259,25
2021,"Mérida, Yucatán, México",574,231,28
2021,"Milazzo, Messina, Italy",3387,814,88
2021,"Minneapolis-St. Paul, Minnesota, USA",6621,969,643
2021,"Miraflores de la Sierra, Madrid, España",168,110,10
2021,"Mississauga, Ontario, Canada",735,251,66
2021,"Mondsee - Irrsee, Upper Austria, Austria",106,89,6
2021,"Montecarlo y alrededores, Misiones, Argentina",396,209,11
2021,"Monterrey, Zona Metropolitana, Nuevo León, México",8932,1447,406
2021,"Moquegua, Moquegua, Perú",457,200,91
2021,"Moralzarzal, Madrid, España",0,0,0
2021,"Morelia, Michoacán, México",1979,614,28
2021,"Moreton Bay, Queensland, Australia",239,132,19
2021,"Moscow, City of Moscow, Russia",11070,835,183
2021,"Mustang Island (Port Aransas), Texas, USA",1078,397,25
2021,"Naguabo, Puerto Rico, USA",5,5,3
2021,"Nanakmatta, Uttarakhand, India",7458,1413,93
2021,"Napoli, Campania, Italy",104,71,19
2021,"Nashville, Tennessee, USA",1541,631,259
2021,"Navalcarnero, Madrid, España",209,105,8
2021,"Navas del Rey, Madrid, España",4,4,2
2021,"NC Coastal Plain (Whiteville), North Carolina, USA",2359,918,256
2021,"Nelson Mandela Bay Metro, Eastern Cape, South Africa",2603,871,21
2021,"Neuquén y alrededores, Neuquén, Argentina",23,18,2
2021,"Neusiedler See/Seewinkel, Burgenland, Austria",1609,581,30
2021,"New Orleans, Louisiana, USA",1417,611,134
2021,"New York City, New York, USA",19260,1585,845
2021,"Ngobe Bugle, Ngobe Bugle, Panamá",150,89,7
2021,"North East England, North East England, UK",2165,646,89
2021,"North Taiwan (Taipei, New Taipei, Keelung, Taoyuan), North Taiwan, Taiwan",21581,2944,604
2021,"Northeast Tennessee (Johnson City), Tennessee, USA",3481,985,149
2021,"Nottingham, Nottinghamshire, UK",2828,744,59
2021,"Oahu (Honolulu), Hawaii, USA",906,467,87
2021,"Omaha Metro Area, Nebraska, USA",688,246,88
2021,"Orlando, Florida, USA",1462,615,181
2021,"Ostional (San Juan del Sur), Rivas, Nicaragua",266,172,6
2021,"?tautahi/Christchurch, Canterbury, New Zealand",11411,1749,154
2021,"?tepoti/Dunedin, Otago, New Zealand",1398,672,52
2021,"Ottawa-Gatineau, Ontario-Quebec, Canada",5321,908,371
2021,"Pachuca, Hidalgo, México",40,23,10
2021,"Pamplona / Iruña, Navarra, España",4261,656,173
2021,"Panamá Oeste, Panamá Oeste, Panamá",1053,444,60
2021,"Paucartambo - Kosñipata, Cusco, Perú",193,105,5
2021,"Pereira-Área Metropolitana, Risaralda, Colombia",1721,589,29
2021,"Perth, Western Australia, Australia",61,47,18
2021,"Petropavlovsk-Kamchatsky, Kamchatsky krai, Russia",617,193,13
2021,"Philadelphia (Greater Philadelphia Area), Pennsylvania, USA",19637,2219,966
2021,"Phoenix (Greater Phoenix Area), Arizona, USA",9703,1041,283
2021,"Piedmont (Greensboro), North Carolina, USA",2457,980,260
2021,"Pioneer Valley, Massachusetts, USA",1056,444,170
2021,"Pittsburgh Region, Pennsylvania, USA",7028,1206,439
2021,"Pleasure Island (Carolina Beach), North Carolina, USA",1204,586,61
2021,"Pola de Gordón, León, España",1,1,1
2021,"P?neke/Wellington City, Wellington City, New Zealand",7458,1531,135
2021,"Pontevedra, Pontevedra, España",6,5,3
2021,"Port Douglas, Queensland, Australia",0,0,0
2021,"Port Harcourt/Ogbogoro, Rivers, Nigeria",455,73,9
2021,"Portland-Vancouver Metro Area, Oregon, USA",6002,981,473
2021,"Porto Alegre and Metropolitan Region, Rio Grande do Sul State, Brazil",419,136,38
2021,"Portofino, Liguria, Italy",7,6,3
2021,"Posadas y alrededores, Misiones, Argentina",1,1,1
2021,"Prague, Czech Republic",11629,1215,514
2021,"Procida (Na), Campania, Italy",336,72,17
2021,"Puebla, Puebla, México",333,171,33
2021,"Puerto Iguazú y alrededores, Misiones, Argentina",53,46,2
2021,"Puerto Madryn y alrededores, Chubut, Argentina",61,38,4
2021,"Puerto Vallarta, Jalisco, México",4174,1081,89
2021,"Querétaro, Querétaro, México",377,205,35
2021,"Quijorna, Madrid, España",266,144,4
2021,"Quispicanchis, Cusco, Perú",67,47,7
2021,"Quito, Pichincha, Ecuador",8011,1330,285
2021,"Rafaela y alrededores, Santa Fe, Argentina",18,14,3
2021,"Red Deer Area, Alberta, Canada",1290,242,20
2021,"Red Lodge Area, Montana, USA",346,176,29
2021,"Redland City, Queensland, Australia",218,107,19
2021,"Regina and Area, Saskatchewan, Canada",1242,300,82
2021,"Renmark-Paringa, South Australia, Australia",0,0,0
2021,"Resistencia y alrededores, Chaco, Argentina",622,326,10
2021,"Riberalta, Beni, Bolivia",3629,948,56
2021,"Richmond (Greater Richmond Region), Virginia, USA",984,488,243
2021,"Richmond, British Columbia, Canada",1824,474,82
2021,"Rio Branco and East Acre State, Acre State, Brazil",492,219,20
2021,"Río Colorado y alrededores, Río Negro, Argentina",2,2,2
2021,"Rio Cuarto y alrededores, Córdoba, Argentina",2,2,1
2021,"Río Grande y alrededores, Tierra del Fuego, Antártida e Islas del Atlántico Sur, Argentina",79,50,5
2021,"Rivas-Vaciamadrid, Madrid, España",264,113,6
2021,"Rochester, New York, USA",654,312,69
2021,"Rock River Valley (Rockford), Illinois, USA",6403,862,173
2021,"Rosario y alrededores, Santa Fe, Argentina",206,138,11
2021,"Sacramento Region, California, USA",8341,1495,591
2021,"Salta y alrededores, Salta, Argentina",383,201,8
2021,"San Antonio, Texas, USA",15117,2216,715
2021,"San Cristóbal de las Casas, Chiapas, México",749,382,29
2021,"San Cristóbal y alrededores, Santa Fe, Argentina",11,5,1
2021,"San Diego County, California, USA",14952,2074,763
2021,"San Francisco Bay Area, California, USA",32181,2885,2265
2021,"San Francisco de Macoris, Duarte, Republica Dominicana",594,142,20
2021,"San Ignacio, Sinaloa, México",3532,572,30
2021,"San Javier y alrededores, Santa Fe, Argentina",30,25,1
2021,"San José Iturbide, Guanajuato, México",1138,191,22
2021,"San Justo y alrededores, Santa Fe, Argentina",6,4,1
2021,"San Lorenzo del Escorial, Madrid, España",17,17,2
2021,"San Lorenzo y alrededores, Santa Fe, Argentina",56,53,3
2021,"San Martín de la Vega, Madrid, España",1506,247,1
2021,"San Martin de las Piramides, Estado de México, México",36,28,7
2021,"San Miguel de Tucumán, Yerba Buena, Tafí Viejo y alrededores, Tucumán, Argentina",455,208,33
2021,"San Miguel, Cajamarca, Perú",0,0,0
2021,"San Nicolás de los Arroyos y alrededores, Buenos Aires, Argentina",1,1,1
2021,"San Pablo, Cajamarca, Perú",0,0,0
2021,"San Pedro del Pinatar, Murcia, España",0,0,0
2021,"San Rafael del Sur, Managua, Nicaragua",342,154,24
2021,"San Salvador de Jujuy y alrededores, Jujuy, Argentina",31,24,5
2021,"Sant Cugat del Vallés, Barcelona, España",300,194,9
2021,"Santa Cruz de Tenerife, Santa Cruz de Tenerife, España",3,3,1
2021,"Santa Fe y alrededores, Santa Fe, Argentina",1005,482,19
2021,"Santoña, Cantabria, España",0,0,0
2021,"São Paulo and Metropolitan Region, São Paulo State, Brazil",956,374,77
2021,"Sarasota and Manatee Counties, Florida, USA",4332,1174,152
2021,"Sastre, El Trébol y alrededores, Santa Fe, Argentina",64,57,3
2021,"Seattle-Tacoma Metropolitan Area, Washington, USA",7067,1226,566
2021,"Sevastopol, Sity of Sevastopol, Crimea",5473,1012,35
2021,"Sevilla, Andalucía, España",730,322,35
2021,"Shenzhen, Guangdong, China",6728,1209,199
2021,"Sierra Sur Oaxaca (San Agustin Loxicha), Oaxaca, México",1,1,1
2021,"Sisal, Yucatán, México",469,170,13
2021,"Soto del Real, Madrid, España",57,31,10
2021,"South Florida, Florida, USA",10320,1974,581
2021,"Southwest Louisiana (Lake Charles), Louisiana, USA",930,514,43
2021,"St. Catharines, Ontario, Canada",860,56,74
2021,"St. Charles, Illinois, USA",70,52,19
2021,"St. Johns County (St. Augustine), Florida, USA",1181,419,126
2021,"St. Louis & St. Charles, Missouri, USA",6075,1150,574
2021,"St. Pölten, Lower Austria, Austria",2710,560,72
2021,"Surrey, British Columbia, Canada",3874,598,95
2021,"Sydney, New South Wales, Australia",3079,1284,133
2021,"Tainan, Taiwan, Taiwan",1395,598,109
2021,"Taitung, Taiwan, Taiwan",1291,498,81
2021,"T?maki Makaurau/Auckland, Auckland, New Zealand",1797,695,216
2021,"Tapachula, Chiapas, México",159,103,7
2021,"Taranto, Puglia, Italy",183,70,3
2021,"Tarapoto, San Martín, Perú",9,6,4
2021,"Tarma, Junín, Perú",213,52,11
2021,"Tepotzotlán, Estado de México, México",173,67,23
2021,"Texas Big Country (Abilene), Texas, USA",2355,617,54
2021,"The Hague, Zuid-Holland, Netherlands",775,390,37
2021,"The Wasatch, Utah, USA",5905,906,417
2021,"Toay y alrededores, La Pampa, Argentina",95,68,4
2021,"Tokyo, Tokyo, JAPAN",4752,880,135
2021,"Tolhuin y alrededores, Tierra del Fuego, Antártida e Islas del Atlántico Sur, Argentina",19,9,1
2021,"Toowoomba, Queensland, Australia",18,14,3
2021,"Toronto, Ontario, Canada",5831,908,754
2021,"Townsville, Queensland, Australia",19,13,2
2021,"Trento, Trentino, Italy",734,234,34
2021,"Tres Cantos, Madrid, España",1030,309,14
2021,"Triangle Area (Raleigh), North Carolina, USA",15375,2149,810
2021,"Trieste, Friuli-Venezia Giulia, Italy",57,51,12
2021,"Trinitapoli, Puglia, Italy",136,64,6
2021,"Tshwane, Gauteng, South Africa",7305,1319,133
2021,"Tucson (Greater Tucson Area), Arizona, USA",2547,640,195
2021,"Tuxpan, Veracruz, México",183,129,18
2021,"Tuxtla Gutierrez, Chiapas, México",421,216,21
2021,"Tyngsborough, Massachusetts, USA",371,181,22
2021,"Uherské Hradišt?, Czech Republic",962,337,41
2021,"Urubamba, Cusco, Urubamba, Perú",770,244,32
2021,"Ushuaia y alrededores, Tierra del Fuego, Antártida e Islas del Atlántico Sur, Argentina",695,171,11
2021,"Valencia, Comunidad Valenciana, España",25,25,6
2021,"Valle de Aburrá/Medellín, Antioquia, Colombia",6574,1508,158
2021,"Veracruz Metropolitano, Veracruz, México",2848,613,31
2021,"Veraguas, Veraguas, Panamá",1840,834,55
2021,"Victorica y alrededores, La Pampa, Argentina",0,0,0
2021,"Viedma y alrededores, Río Negro, Argentina",1,1,1
2021,"Vienna, Vienna, Austria",6172,1471,148
2021,"Villa María- Villa Nueva, Córdoba, Argentina",116,91,3
2021,"Villa turistica Casa de Piedra y alrededores, La Pampa, Argentina",0,0,0
2021,"Waidhofen an der Ybbs, Lower Austria, Austria",702,322,19
2021,"Warrnambool, Victoria, Australia",0,0,0
2021,"Washington DC Metro Area, District of Columbia + parts of Virginia, Maryland, & West Virginia, USA",43106,2974,1961
2021,"Waterloo Region (Cambridge), Ontario, Canada",1948,551,169
2021,"Wellesley, Massachusetts, USA",502,229,45
2021,"Western NC (Asheville), North Carolina, USA",6925,1585,621
2021,"Westmorland County (Moncton), New Brunswick, Canada",440,199,29
2021,"Wichita Falls, Texas, USA",2946,717,52
2021,"Winnipeg Region, Manitoba, Canada",2432,423,63
2021,"Worcester, Massachusetts, USA",323,161,25
2021,"Yilan, Hualien, Taiwan, Taiwan",3134,1098,116
2021,"Zagreb, Grad Zagreb, Croatia",175,132,11
2022,"Abbotsford, British Columbia, Canada",1605,420,45
2022,"Abilene, Texas, USA",1887,493,50
2022,"Acuña, Coahuila, México",160,111,13
2022,"Adelaide, South Australia, Australia",5291,"1,059",186
2022,"Agiabampo, Sonora, México",3,3,1
2022,"Aguascalientes, Aguascalientes, México",223,107,19
2022,"Ahome, Sinaloa, México",386,215,17
2022,"Alachua County, Florida, USA",3930,"1,099",173
2022,"Albert County, New Brunswick, Canada",50,26,8
2022,"Albuquerque, New Mexico, USA",13319,"1,590",420
2022,"Almería, Andalucía, Spain",1519,815,14
2022,"Almirante Brown, Avellaneda, Berazategui, Florencio Varela, Esteban Echeverría, Lomas de Zamora, Lanús, Quilmes y San Vicente, Buenos Aires, Argentina",894,378,38
2022,"Alta Floresta e região, Mato Grosso, Brasil",215,169,7
2022,"Amanalco de Becerra, Estado de México, México",620,323,4
2022,"Amarillo, Texas, USA",557,250,25
2022,"Ángel R. Cabada, Veracruz, México",0,0,0
2022,"Apaxco, Apaxco, México",147,50,11
2022,"Arrecife Alacranes, Yucatán, México",0,0,0
2022,"Asheville, North Carolina, USA",7136,"1,713",674
2022,"Asunción, Central, Paraguay",0,0,0
2022,"Atenco, Estado de México, México",292,70,4
2022,"Athens, Athens, Greece",425,270,44
2022,"Atlanta, Georgia, USA",6561,"1,733",503
2022,"Austin Metro Area, Texas, USA",19480,"2,872","1,145"
2022,"Badajoz, Extremadura, Spain",0,0,0
2022,"Bahía Blanca, Cabildo, Buenos Aires, Argentina",22,17,3
2022,"Baltimore Metropolitan Area, Maryland, USA",7890,"1,393",709
2022,"Bathurst, New Brunswick, Canada",538,226,25
2022,"Baton Rouge, Louisiana, USA",15100,"2,436",398
2022,"Berlin, Berlin, Germany",4748,868,105
2022,"Birmingham & Black Country, West Midlands, UK",12687,"1,211",163
2022,"Blacksburg, Virginia, USA",384,187,42
2022,"Bloemfontein, Free State, South Africa",614,247,25
2022,"Boca Raton, Florida, USA",162,99,19
2022,"Bocas del Toro, Bocas del Toro, Panama",937,542,28
2022,"Bogotá, Cundinamarca, Bogotá D.C., Colombia",5301,839,236
2022,"Boise, Idaho, USA",2246,558,143
2022,"Bolton, Vermont , USA",468,163,16
2022,"Bonner County, Idaho, USA",1684,465,84
2022,"Botswana Central, Botswana, Botswana",799,237,2
2022,"Botswana South, Botswana, Botswana",0,0,0
2022,"Boundary County, Idaho, USA",6,6,2
2022,"Brandon, Manitoba, Canada",364,117,21
2022,"Brasília e Região, Distrito Federal, Brasil",2154,569,167
2022,"Bregenz, Vorarlberg, Austria",13,12,6
2022,"Brighton, Sussex, UK",7097,"1,340",175
2022,"Bristol and Bath City Region, Somerset and South Gloucestershire, UK",7970,"1,290",392
2022,"Brno, Jihomoravský kraj, Czech Republic",5934,"1,013",247
2022,"Bryan/College Station, Texas, USA",2743,826,123
2022,"Bucaramanga, Santander, Colombia",8399,"1,328",419
2022,"Bulawayo, Bulawayo, Zimbabwe",946,384,13
2022,"Burgos, Burgos, Castile and León, Spain",0,0,0
2022,"Cacahoatán, Cacahotán, Chiapas, México",183,84,9
2022,"Cajamarca, Cajamarca, Perú",1089,391,45
2022,"Calgary Metropolitan Region, Alberta, Canada",17317,930,410
2022,"Cambridge, Ontario, Canada",2019,464,131
2022,"Cancún, Quintana Roo, México",180,133,16
2022,"Cape Breton Regional Municipality, Nova Scotia, Canada",1446,337,21
2022,"Cape Charles, Virginia, USA",392,284,17
2022,"Cape Town, Western Cape, South Africa",66144,"4,388","1,682"
2022,"Carazo, Carazo, Nicaragua",224,60,4
2022,"Cardiff, Newport and Gwent, Wales, UK",1284,487,81
2022,"Casa de Piedra, La Pampa, Argentina",0,0,0
2022,"Catania, Sicily, Italy",13,3,4
2022,"Celestún, Yucatán, México",18,15,3
2022,"Central Taiwan, Taiwan, Taiwan",1722,837,200
2022,"?eské Bud?jovice, South Bohemia, Czech Republic",1841,539,82
2022,"Charlotte, North Carolina, USA",2956,843,357
2022,"Charlottesville, Virginia, USA",2020,690,217
2022,"Charlottetown, Prince Edward Island, Canada",282,149,8
2022,"Chattanooga, Tennessee, USA",3077,"1,162",231
2022,"Chelyabinsk, Chelyabinsk Oblast, Russia",4500,456,17
2022,"Chetumal, Quintana Roo, México",42,35,28
2022,"Chiayi, Yunlin, Taiwan, Taiwan",19297,"2,598",209
2022,"Chicago Metro, Illinois, Wisconsin, Indiana, USA",9209,"1,311",874
2022,"Chihuahua, Chihuahua, México",243,142,10
2022,"Chilliwack, British Columbia, Canada",741,343,38
2022,"Chiriquí , Chiriquí , Panama",5559,"1,685",142
2022,"Chur, Chur, Switzerland",10404,905,335
2022,"Cincinnati, Ohio, USA",3228,800,196
2022,"City of Johannesburg, GT, ZA; Ekurhuleni, GT, ZA; Sedibeng, GT, ZA; West Rand, GT, ZA, Gauteng, South Africa",1212,487,69
2022,"City of Port Coquitlam, Coquitlam, Port Moody, British Columbia, Canada",2790,628,129
2022,"Ciudad Autónoma de Buenos Aires, Ciudad Autónoma de Buenos Aires, Argentina",913,377,38
2022,"Ciudad de México, Ciudad de México, México",8450,"1,514",440
2022,"Ciudad del Carmen y sistema de localidades en el Área Natural Protegida de Flora y Fauna Laguna de Términos (ANP FFLT), Carmen, Campeche, México",1898,364,78
2022,"Cleveland-Akron-Canton-Toledo, Ohio, Ohio, USA",37368,"1,467","1,088"
2022,"Cochabamba, Cochabamba, Bolivia",176,103,37
2022,"Cocle, Cocle, Panama",559,356,63
2022,"Colima- VIlla de Álvarez, Colima / Colima, México",77,67,6
2022,"Colmenar Viejo, Madrid, Spain",4713,620,29
2022,"Colon, Colón, Panama",435,281,32
2022,"Colorado Springs, Colorado, Colorado, USA",759,296,80
2022,"Columbus (Central Ohio), Ohio, USA",1669,592,348
2022,"Comarca Embera Wounaan, Comarca Embera Wounaan, Panama",2,2,2
2022,"Comarca Guna Yala, Guna Yala, Panama",11,10,1
2022,"Comarca Ngäbe Bugle, Comarca Ngäbe Bugle, Panama",1,1,1
2022,"Copalita, Oaxaca, México",49,33,4
2022,"Copenhagen, Denmark, Denmark",1951,646,142
2022,"Córdoba, Córdoba, Argentina",31,25,9
2022,"Corpus Christi & Sinton, Texas, USA",674,365,58
2022,"Corrientes, San Cosme, Corrientes, Argentina",31,25,3
2022,"Cosalá, Sinaloa, México",10879,"1,695",106
2022,"Coventry, West Midlands, UK",1030,369,54
2022,"Coyotepec, Estado de México, México",895,313,12
2022,"Coyotepec, Teoloyucan y Huehuetoca, Estado de México, México",1034,345,24
2022,"Cranbrook, Kimberley, British Columbia, Canada",820,297,42
2022,"Cuautitlán Izcalli, Estado de México, México",483,173,20
2022,"Cuernavaca, Morelos y área metropolitana, Morelos, México",4368,"1,342",187
2022,"Culiacan, Sinaloa, México",11426,"1,281",240
2022,"Dallas/Fort Worth, Texas, USA",42398,"3,417","1,324"
2022,"Darien, Darien, Panama",14,13,4
2022,"Davao City, Davao del Sur, Philippines",3515,738,73
2022,"Delicias/ Meoqui, Chihuahua, México",669,286,8
2022,"Delta, British Columbia, Canada",1724,543,39
2022,"Denver-Boulder, Colorado, USA",3007,631,366
2022,"Des Moines, Iowa, USA",72,52,26
2022,"Districts of Johor Bahru, Kulai, and Pontian, Johor, Malaysia",727,364,26
2022,"Dos Bocas, Tabasco, México",2,2,1
2022,"Dresden, Saxony, Germany",424,236,27
2022,"Duval County, Florida, USA",388,276,67
2022,"Edinburgh, Scotland",1106,448,101
2022,"Edmonton, Alberta, Canada",1263,377,70
2022,"Ekaterinburg, Sverdlovsk Oblast, Russia",4703,602,46
2022,"El Álamo (x), Madrid, Spain",1026,244,7
2022,"El Paso, Texas, USA",2698,570,220
2022,"El Salvador, San Salvador, El Salvador",1000,456,69
2022,"Ensenada, Baja California, México",7884,"1,131",61
2022,"Erie, Pennsylvania, USA",2450,580,200
2022,"Esperanza, Santa Fé, Argentina",318,182,5
2022,"eThekwini Municipality, Kwa-Zulu Natal, South Africa",12895,"2,180",131
2022,"Eugene/Springfield, Oregon, USA",3561,732,282
2022,"Fairfield and Westchester County, Connecticut and New York, USA",2664,699,333
2022,"Formosa, Formosa, Argentina",156,98,2
2022,"Fort Collins, Colorado, USA",641,276,96
2022,"Fort Wayne, Indiana, USA",1135,378,135
2022,"Francistown & NE, North East District, Botswana",0,0,0
2022,"Frankfurt am Main, Hessen, Germany",3153,884,59
2022,"Gaborone & SE, Botswana, Botswana",2,2,1
2022,"Galápagos, Galápagos, Ecuador",24,20,4
2022,"GAM, San José, Costa Rica",2800,926,137
2022,"Garden Route, Western Cape, South Africa",16151,"2,757",273
2022,"Geelong, Victoria, Australia",2652,954,86
2022,"General Las Heras, Buenos Aires, Argentina",29,22,3
2022,"General Roca, Catriel, Río Negro, Argentina",135,97,5
2022,"General San Martín, Merlo, Moreno, Morón, Tres de Febrero y La Matanza, Buenos Aires, Argentina",49,36,23
2022,"Genova, Genova, Italy",63,57,22
2022,"Gesäuse, Styria, Austria",1338,458,24
2022,"Glasgow, Scotland",1863,553,94
2022,"Gloucestershire, Gloucestershire, UK",544,251,71
2022,"Görlitz, Saxony, Germany",602,313,20
2022,"Grande Curitiba, Paraná, Brasil",2355,704,118
2022,"Grande Porto Alegre, Rio Grande do Sul, Brasil",52,48,17
2022,"Grande Rio e Baía de Guanabara, Rio de Janeiro, Brasil",697,365,71
2022,"Graz, Styria, Austria",16844,"2,774",191
2022,"Greater Boston, Massachusetts, USA",46896,"2,731","1,990"
2022,"Greater Burlington, Vermont , USA",3248,690,250
2022,"Greater Lansing Area, Michigan, USA",932,395,68
2022,"Greater Manhattan Area, Kansas, USA",116,88,29
2022,"Greater Melbourne, Victoria, Australia",12599,"2,035",603
2022,"Greater Portland-Vancouver Metro Area, Oregon, USA",3512,829,511
2022,"Greater Sydney, New South Wales, Australia",2911,"1,333",183
2022,"Greater Vancouver, British Columbia, Canada",3120,828,355
2022,"Greensboro, North Carolina, USA",1874,710,291
2022,"Guadalix de la Sierra, Madrid, Spain",922,295,34
2022,"Guadarrama, Madrid, Spain",215,122,13
2022,"Guanajuato, Guanajuato, México",31,24,8
2022,"Guatemala, Guatemala",2962,930,280
2022,"Guimarães, Braga, Portugal",445,200,160
2022,"Halifax Regional Municipality, Nova Scotia, Canada",5909,888,181
2022,"Halle (Saale), Saxony-Anhalt, Germany",165,116,14
2022,"Hamburg, Hamburg, Germany",512,231,36
2022,"Hamilton, Ontario, Canada",2102,646,96
2022,"Hampton Roads, Virginia, USA",2618,841,351
2022,"Harare, Harare, Zimbabwe",425,247,11
2022,"Hawke's Bay, Hawke's Bay, New Zealand",1086,395,37
2022,"Herrera, Herrera, Panama",647,227,63
2022,"Hollywood, Florida, USA",2593,876,101
2022,"Hong Kong SAR, Hong Kong SAR, China",33118,"4,355",723
2022,"Honolulu, Hawaii, USA",1318,552,125
2022,"Houston, Galveston, Texas, USA",31676,"3,431","1,567"
2022,"Hsinchu, Taiwan, Taiwan",7616,"1,778",141
2022,"Huichapan, Hidalgo, México",334,154,25
2022,"Indianapolis, Indiana, USA",5080,954,258
2022,"Ingeniero Juárez, Formosa, Argentina",45,36,1
2022,"Innsbruck Stadt und Land, Tyrol, Austria",2080,730,30
2022,"Iowa City, Iowa, USA",521,187,50
2022,"Ipoh, Perak , Malaysia",4,4,2
2022,"Irkutsk, Irkutsk Oblast, Russia",1636,514,20
2022,"Ithaca, New York, USA",1596,563,172
2022,"Jeju Island, Jeju Island, South Korea",1175,294,39
2022,"José C. Paz, Malvinas Argentinas, San Fernando, San Isidro, San Miguel, Tigre y Vicente López, Buenos Aires, Argentina",64,50,20
2022,"Kansas City, Missouri, USA",1919,643,229
2022,"Kaohsiung, Taiwan, Taiwan",2438,866,131
2022,"Karlovac, Karlova?ka županija, Croatia",269,195,2
2022,"Kazan, Republic of Tatarstan, Russia",1521,309,24
2022,"Kelowna, Vernon, British Columbia, Canada",2515,597,121
2022,"Khanty-Mansiysk, Khanty-Mansi Autonomous Okrug, Russia",1266,240,12
2022,"Kiel, Schleswig-Holstein, Germany",4997,"1,023",150
2022,"Kimberley, Northern Cape, South Africa",444,197,8
2022,"Kirikiriroa/Hamilton, Waikato, New Zealand",393,255,19
2022,"Klagenfurt, Carinthia, Austria",301,179,9
2022,"Knoxville, Tennessee, USA",3233,917,352
2022,"Krems Wachau, Lower Austria, Austria",1493,591,34
2022,"Kuala Lumpur, Kuala Lumpur, Malaysia",2038,698,85
2022,"La Banda, Santiago del Estero, Argentina",0,0,0
2022,"La Cruz de Elota, Sinaloa, México",5763,"1,023",224
2022,"La Paz, La Paz, Bolivia",137345,"5,320","4,296"
2022,"La Plata, Magdalena, Punta Indio, Buenos Aires, Argentina",328,199,21
2022,"La Rioja, La Rioja, Argentina",0,0,0
2022,"Lake Charles, Louisiana, USA",111,547,72
2022,"Lancashire, Lancashire, UK",3845,979,115
2022,"Larissa, Larissa, Greece",196,134,36
2022,"Lecce, Puglia, Italy",13,1,1
2022,"Leipzig, Saxony, Germany",221,138,30
2022,"Lethbridge, Alberta, Canada",392,164,23
2022,"Lewiston Auburn, Maine, USA",48,39,7
2022,"Lexington - Fayette County, Kentucky, USA",2601,845,145
2022,"Lexington, Massachusetts, USA",920,339,50
2022,"Lincoln (Lancaster County), Nebraska, USA",1758,612,79
2022,"Lincoln County, Montana, USA",86,58,8
2022,"Linz, Upper Austria, Austria",738,400,33
2022,"Litoral do Pará, Pará, Brasil",12,8,1
2022,"Liverpool City Region, England, UK",7747,"1,106",120
2022,"Loja, Loja, Ecuador",2488,400,48
2022,"London, Greater London, UK",4436,"1,087",337
2022,"Los Angeles County, California, USA",18907,"2,575","1,368"
2022,"Los Santos, Los Santos, Panama",37,25,12
2022,"Louisville Metro, Kentucky, USA",2338,691,137
2022,"Lower Rio Grande Valley, Texas, USA",10948,"2,152",187
2022,"Lubbock, Post, Crosbyton, Texas, USA",3828,815,60
2022,"Luxembourg, Luxembourg",7638,"1,340",401
2022,"Lviv, Lvivska, Ukraine",93,59,19
2022,"Macachín, La Pampa, Argentina",0,0,0
2022,"Macao SAR, Macao SAR, China",1201,518,46
2022,"Madison County, Kentucky, USA",2031,804,51
2022,"Madison Metro Area, Wisconsin, USA",2004,483,206
2022,"Madrid, Madrid, Spain",404,175,9
2022,"Manaus e Região, Amazonas, Brasil",109,68,9
2022,"Manchester, Greater Manchester, UK",2250,523,111
2022,"Manduria, Puglia, Italy",333,86,7
2022,"Manzanillo-Armería, Colima / Manzanillo, México",198,106,7
2022,"Marine Protecte Area Regno di Nettuno (Procida, Ischia, Casamicciola Terme, Lacco Ameno, Forio, Serrara Fontana, Barano), Napoli, Italy",192,57,8
2022,"Marine Protected Area Punta Campanella (Massa Lubrense, Sorrento, Sant'Agnello, Piano di Sorrento, Vico Equense, Meta e Positano), Campania, Italy",202,5,1
2022,"Martinsville, Virginia, USA",420,258,10
2022,"Maui, Hawaii, USA",193,138,33
2022,"Mazatlán, Sinaloa, México",22490,"2,039",348
2022,"Memphis, Tennessee, Mississippi, Arkansas, USA",1823,710,113
2022,"Mendoza, Mendoza, Argentina",215,145,11
2022,"Mercedes, Buenos Aires, Argentina",10,9,3
2022,"Mesorregião Oeste Catarinense, Santa Catarina, Brasil",8,8,3
2022,"Messina, Sicily, Italy",1344,212,31
2022,"Metro Phoenix, Arizona, USA",17785,"1,124",432
2022,"Metropolitan Area of the Aburrá Valley, Antioquia, Colombia",10218,"1,842",229
2022,"Miguel Riglos, La Pampa, Argentina",0,0,0
2022,"Milazzo, Sicily, Italy",10180,"1,502",242
2022,"Milwaukee, Wisconsin, USA",1630,491,113
2022,"Minneapolis-St. Paul, Minnesota, USA",5065,779,400
2022,"Montecarlo, Misiones, Argentina",49,33,5
2022,"Monterrey, Nuevo León, México",21865,"2,676","1,008"
2022,"Montréal, Québec, Canada",18011,"1,162",749
2022,"Morelia y Tarimbaro, Michoacán, México",3554,"1,079",87
2022,"Moscow, Moscow, Russia",10604,777,264
2022,"Nanaimo, British Columbia, Canada",3253,920,112
2022,"Napoli, Campania, Italy",328,150,30
2022,"Nashville, Tennessee, USA",2243,840,232
2022,"Naucalpan, Estado de México, México",93,60,15
2022,"Navalcarnero (x), Madrid, Spain",1026,244,7
2022,"Nelson Mandela Bay, Eastern Cape, South Africa",1870,737,22
2022,"Nelson, British Columbia, Canada",522,309,43
2022,"Neuquén, Neuquén, Argentina",7,7,2
2022,"Neusiedler See/Seewinkel, Burgenland, Austria",1370,537,44
2022,"New York City, New York, USA",16295,"1,724",838
2022,"Ng?motu/New Plymouth, Taranaki, New Zealand",3038,965,31
2022,"Nizhny Novgorod, Nizhny Novgorod Oblast, Russia",1758,408,37
2022,"Norfolk (Madison County), Nebraska, USA",0,0,0
2022,"North East England, North East England, UK",4038,"1,043",165
2022,"North Platte (Lincoln County), Nebraska, USA",29,24,3
2022,"North Taiwan, Taiwan, Taiwan",8063,"1,679",393
2022,"Northcentral PA Region, Pennsylvania, USA",152,111,23
2022,"Northeast Tennessee, Tennessee, USA",3307,984,148
2022,"Northern Botswana, Botswana, Botswana",469,303,2
2022,"Nottingham, Nottinghamshire, UK",2943,792,65
2022,"Novosibirsk, Novosibirsk Oblast, Russia",3325,541,76
2022,"Oberá, Misiones, Argentina",38,32,4
2022,"Omaha Metro Area, Nebraska, USA",850,328,71
2022,"Omsk, Omsk Oblast, Russia",241,120,13
2022,"Orange County (Orlando), Florida, USA",3493,"1,042",247
2022,"Orange County, California, USA",1741,669,240
2022,"Osnabrück, Niedersachsen, NDS, Germany",615,295,17
2022,"?tautahi/Christchurch, Canterbury, New Zealand",9573,"1,543",164
2022,"Ottawa, Gatineau, Ontario, Canada",4896,915,339
2022,"Overstrand, Western Cape, South Africa",19832,"2,308",258
2022,"Palouse Region, Washington/Idaho, USA",1751,506,147
2022,"Pamplona / Iruña, Navarra, Spain",5252,"1,025",244
2022,"Panama Oeste, Panama Oeste, Panama",1229,668,86
2022,"Panamá, Panamá, Panama",4955,"1,325",358
2022,"Paraná, Entre Ríos, Argentina",75,56,7
2022,"Paris, Paris - Île de France, France",5718,"1,401",306
2022,"Pend Oreille County, Washington, USA",52,35,8
2022,"Pereira, Pereira Municipality, Colombia",1145,528,58
2022,"Perm, Perm Krai, Russia",1070,328,28
2022,"Petropavlovsk-Kamchatsky, Kamchatka Region, Russia",530,185,14
2022,"Philadelphia, Pennsylvania, New Jersey, USA",19030,"2,215",876
2022,"Pierre and Fort Pierre, South Dakota, USA",250,155,5
2022,"Pioneer Valley, Massachusetts, USA",1903,718,207
2022,"Pittsburgh Region, Pennsylvania, USA",5834,"1,124",380
2022,"Playa del carmen, Solidaridad, México",1758,529,73
2022,"Poconé, Mato Grosso, Brasil",434,127,37
2022,"Port Aransas/Mustang Island, Texas, USA",808,383,33
2022,"Port Harcourt/Iwofe, Rivers State, Nigeria",385,99,8
2022,"Prague, Czech Republic, Czech Republic",12053,"1,473",451
2022,"Providence, Rhode Island, USA",782,355,164
2022,"PUEBLA, Puebla, México",1771,690,35
2022,"Puelén, La Pampa, Argentina",32,22,4
2022,"Puerto Vallarta - Cabo Corrientes - San Sebastian del Oeste - Mascota - Talpa de Allende - Bahía de Banderas, Jalisco, México",380,216,41
2022,"Querétaro, Cadereyta de Montes/Querétaro, México",11,10,2
2022,"Querétaro, Querétaro, México",56,49,20
2022,"Quito, Pichincha, Ecuador",15329,"1,202",254
2022,"Raleigh, North Carolina, USA",13364,"2,155",815
2022,"Red Deer Area, Alberta, Canada",1282,215,19
2022,"Red Lodge, Montana, USA",499,143,59
2022,"Redland City, Queensland, Australia",112,90,25
2022,"Regina and Area, Saskatchewan, Canada",731,209,42
2022,"Region Marchfeld, Lower Austria, Austria",209,159,10
2022,"Resistencia y Alrededores , Chaco, Argentina",111,84,1
2022,"Richmond, British Columbia, Canada",1637,420,59
2022,"Richmond, Virginia, USA",3262,980,304
2022,"Rio Branco e Leste do Acre, Acre, Brasil",55,41,10
2022,"Río Grande, Tierra del Fuego, Argentina",23,23,3
2022,"Rivadavia, Buenos Aires, Argentina",333,177,1
2022,"Rivadavia, San Juan, Argentina",0,0,0
2022,"Rochester , New York, USA",331,190,60
2022,"Rockford, Illinois, USA",7369,856,208
2022,"Rosario, San Lorenzo, Santa Fé, Argentina",7,7,3
2022,"Sacramento, California, USA",7067,"1,496",553
2022,"Saint John, New Brunswick, Canada",21,18,5
2022,"Salta, Salta, Argentina",350,263,6
2022,"Saltillo, Coahuila, México",564,271,25
2022,"Salzburg, Salzburg, Austria",12653,"2,272",186
2022,"Samara, Samara Oblast, Russia",120,72,12
2022,"San Antonio, Texas, USA",16785,"2,262",892
2022,"San Bernardino, California, USA",6961,"1,692",512
2022,"San Cristóbal de las Casas, Chiapas, México",1079,453,30
2022,"San Diego, California, USA",21009,"2,644",924
2022,"San Francisco Bay Area, California, USA",31227,"3,008","2,085"
2022,"San Francisco de Macoris, Duarte, Republica Dominicana",535,105,13
2022,"San José Iturbide Guanajuato, Guanajuato, México",123,73,9
2022,"San José Iturbide Guanajuato, Santa Catarina, San José Iturbide, México",123,73,9
2022,"San Juan del Sur, Rivas, Nicaragua",1,1,1
2022,"San Luis Potosí, San Luis Potosi, México",204,84,10
2022,"San Luis, San Luis, Argentina",0,0,0
2022,"San Miguel de Tucumán y alrededores (Yerba Buena, Tafi Viejo, Lules), Tucumán, Argentina",779,406,47
2022,"San Miguel, Corrientes, Argentina",0,0,0
2022,"San Roque, Corrientes, Argentina",10,10,2
2022,"San Salvador de Jujuy, Jujuy, Argentina",69,43,7
2022,"Santa Catarina Guanajuato, Santa Catarina, San José Iturbide, México",7,7,1
2022,"Santa Fé, Santa Fé, Argentina",751,333,16
2022,"Santa Rosa, La Pampa, Argentina",10,6,3
2022,"Santiago de Cali, Valle del Cauca, Colombia",1655,603,96
2022,"São Paulo, São Paulo, Brasil",1993,704,107
2022,"Sarasota & Manatee County, Florida, USA",5931,"1,494",151
2022,"Saskatoon and Area, Saskatchewan, Canada",2537,501,113
2022,"Savannah, Georgia, USA",1678,549,106
2022,"Scottsbluff & Gering (Scotts Bluff County), Nebraska, USA",352,215,11
2022,"Scranton, Pennsylvania, USA",1170,512,43
2022,"Seattle-Tacoma, Washington, USA",7705,"1,280",654
2022,"Sevilla, Sevilla, Spain",1350,575,85
2022,"Shenzhen, Guangdong, China",19010,"2,491",430
2022,"Siena, Tuscany, Italy",1304,478,72
2022,"Sierra de Guadalupe, Estado de México, México",4760,820,93
2022,"Sinop e região, Mato Grosso, Brasil",361,155,18
2022,"Sisal, Sisal, México",282,114,6
2022,"South Florida, Florida, USA",11320,"2,116",591
2022,"South Tyrol, South Tyrol, Italy",762,432,57
2022,"Southcentral PA Region, Pennsylvania, USA",1098,515,118
2022,"Southern Overberg, Agulhas Municipality, South Africa",4097,768,43
2022,"St Petersburg, St Petersburg, Russia",2506,384,90
2022,"St. Augustine, Florida, USA",524,220,94
2022,"St. Catharines, Ontario, Canada",199,151,16
2022,"St. John's, Newfoundland, Canada",360,165,22
2022,"St. Louis, Missouri, USA",6699,"1,250",459
2022,"St. Pölten Stadt, Lower Austria, Austria",2574,660,37
2022,"Stellenbosch, Western Cape, South Africa",3478,787,96
2022,"Summerside, Prince Edward Island, Canada",215,140,4
2022,"Surallah, South Cotabato, Philippines",1,1,1
2022,"Surrey, British Columbia, Canada",1644,408,75
2022,"Swartland Municipal District, Saldanha Bay Municipality & Berg River Municipality, Western Cape, South Africa",2299,790,69
2022,"Tagum City, Davao del Norte, Philippines",10590,654,61
2022,"Tainan, Taiwan, Taiwan",806,410,71
2022,"Taitung, Taiwan, Taiwan",579,332,35
2022,"Tala, Entre Ríos, Argentina",5,5,1
2022,"T?maki Makaurau/Auckland, Auckland, New Zealand",1118,555,160
2022,"Tapachula, Tapachula, Chiapas, México",898,390,34
2022,"Te Whanganui-a-Tara/ Wellington, Wellington, New Zealand",7599,"1,639",125
2022,"Teoloyucan, Estado de México, México",193,101,9
2022,"Tepotzotlán, Estado de México, México",541,139,24
2022,"Tequixquiac, Estado de México, México",53,46,5
2022,"Thailand, Thailand, Thailand",7756,"2,109",284
2022,"Thane District, Maharashtra, India",158,108,18
2022,"The Annapolis Valley, Nova Scotia, Canada",1860,575,87
2022,"The Hague, Zuid-Holland, Netherlands",715,478,30
2022,"Thohoyandou, Limpopo, South Africa",894,296,21
2022,"Thompson-Nicola, British Columbia, Canada",1248,317,64
2022,"Thunder Bay District, Ontario, Canada",698,230,54
2022,"Toay, La Pampa, Argentina",6,6,2
2022,"Tokyo, Tokyo, Japan",2374,674,79
2022,"Toluca, Estado de México, México",9345,"1,197",93
2022,"Toronto and Greater Toronto Area, Ontario, Canada",5060,825,547
2022,"Torti - Chiman, Panama, Panama",24,24,6
2022,"Toulouse, Occitanie, France",5748,999,146
2022,"Trento, Trentino, Italy",443,144,44
2022,"Tres Cantos, Madrid, Spain",1082,331,21
2022,"Trieste, Friuli Venezia Giulia, Italy",30,28,8
2022,"Trinitapoli, Barletta-Andria-Trani, Italy",153,39,12
2022,"Tshwane, Gauteng, South Africa",4346,956,120
2022,"Tucson, Arizona, USA",5959,"1,124",403
2022,"Tyler (including Mineola, Longview, Jacksonville, Palestine and Athens), Texas, USA",4863,"1,225",183
2022,"Ufa, Republic of Bashkortostan, Russia",900,302,22
2022,"Uherské Hradišt?, Kunovice & Staré M?sto, Zlín, Czech Republic",1484,312,95
2022,"Ukraine, Ukraine",7867,"1,698",240
2022,"Ushuaia, Tierra del Fuego, Argentina",803,175,9
2022,"Utah's Wasatch, Utah, USA",5073,"1,053",410
2022,"Valencia de Don Juan, León, Spain",103,63,5
2022,"Veracruz(Alvarado, Boca del Río, Medellín y Veracruz), Veracruz, México",4869,994,154
2022,"Veraguas, Veraguas, Panama",694,500,29
2022,"Victoria, Sidney, British Columbia, Canada",7847,"1,368",392
2022,"Villa María, Villa Nueva, Córdoba, Argentina",1,0,1
2022,"Villa Unión, La Rioja, Argentina",0,0,0
2022,"Volgograd & Volzhsky, Volgograd Oblast, Russia",1804,247,15
2022,"Volusia County, Florida, USA",1457,547,116
2022,"Voronezh, Voronezh Oblast, Russia",1700,314,16
2022,"Waco, Temple, Belton, Killeen, Gatesville, Hamilton, Texas, USA",5013,"1,551",177
2022,"Waih?pai/Invercargill, Southland, New Zealand",82,76,9
2022,"Washington DC Metro area, Washington DC Metro Area, USA",38143,"2,970","2,114"
2022,"Wellesley, Massachusetts , USA",296,143,24
2022,"West Palm Beach, Florida, USA",1369,406,31
2022,"Westmorland County, New Brunswick, Canada",760,295,25
2022,"Whitehorse, Yukon, Canada",115,61,11
2022,"Wichita Falls and surrounding 10 county region, Texas, USA",3794,"1,140",91
2022,"Wien, Vienna, Austria",9328,"1,851",242
2022,"Williams Lake, British Columbia, Canada",449,93,16
2022,"Wilmington, North Carolina, USA",3925,"1,118",333
2022,"Winnipeg, Manitoba, Canada",1751,289,29
2022,"Yellowknife, Northwest Territories, Canada",70,50,3
2022,"Yilan, Hualien, Taiwan, Taiwan",4874,"1,283",135
2022,"York County, New Brunswick, Canada",128,88,30
2022,"Zagreb, Zagreb, Croatia",231,159,18
2018,"San Francisco Bay Area, CA, United States of America",41737,3211,1532
2018,"Dallas/Fort Worth Area, TX, United States of America",34218,2560,815
2018,"San Diego County, CA, United States of America",33448,2946,1211
2018,"Klang Valley/Greater Kuala Lumpur, Selangor, Malaysia",25287,1775,682
2018,"Washington, D.C. Metro Area, United States of America",22800,1856,872
2018,"Houston Area, TX, United States of America",22490,3088,699
2018,"New York City, NY, United States of America",22003,1427,507
2018,"Hong Kong SAR, China",20268,2932,755
2018,"Los Angeles County, CA, United States of America",19423,2356,855
2018,"Austin Area, TX, United States of America",17416,2324,618
2018,"Boston Area, MA, United States of America",16551,1410,992
2018,"St. Louis City & MSA Region, MO, United States of America",10482,1100,642
2018,"Bristol & Bath City Region, Somerset / Gloucestershire, United Kingdom",9518,1135,333
2018,"Raleigh (Triangle Area), NC, United States of America",9271,1641,311
2018,"Lower Rio Grande Valley, TX, United States of America",8755,1660,194
2018,"Monterrey , Zona Metropolitana, Nuevo León- Mexico",8447,1463,128
2018,"Bogotá, D.C., Cundinamarca- Colombia",7911,1080,339
2018,"Greater Concord , Cabarrus County, NC- United States of America",6956,1100,217
2018,"Chicago Wilderness Region, IL, United States of America",6869,1017,353
2018,"Madrid Metropolitan Area, Madrid, Spain",6805,778,144
2018,"Barcelona Metropolitan Area, Catalonia",6653,922,151
2018,"Cleveland, OH, United States of America",6636,1111,329
2018,"Seattle Metropolitan Area, WA, United States of America",5841,1033,358
2018,"Baltimore, MD, United States of America",5733,994,408
2018,"Denver Metro Area, CO, United States of America",4811,847,310
2018,"Pittsburgh, PA, United States of America",4386,929,164
2018,"Miami, FL, United States of America",3758,913,199
2018,"Indianapolis, IN, United States of America",3707,630,237
2018,"The Wasatch Front (Salt Lake City), UT, United States of America",3621,643,197
2018,"San Antonio Area, TX, United States of America",3524,957,172
2018,"Boulder, CO, United States of America",3475,786,107
2018,"Minneapolis/St. Paul, MN, United States of America",3376,491,336
2018,"London, Greater London, United Kingdom",2621,737,106
2018,"Waterloo Region, Ontario, Canada",2574,433,87
2018,"São Paulo, Brazil",2521,462,156
2018,"Tokyo, Japan",2428,474,148
2018,"Lake Charles/Southwest Louisiana, LA, United States of America",2277,866,58
2018,"Cádiz, Andalusia, Spain",2154,709,25
2018,"Omaha Metro, NE, United States of America",1931,384,188
2018,"Berlin, Germany",1791,448,334
2018,"Nashville, TN, United States of America",1661,558,137
2018,"Prague, Czech Republic",1616,438,61
2018,"Richmond, VA, United States of America",1186,445,93
2018,"Tulsa Region, OK, United States of America",1114,575,102
2018,"Mumbai, Maharashtra, India",1038,260,20
2018,"Rome, Italy",1032,300,26
2018,"Manaus, Amazonas, Brazil",908,347,29
2018,"Duluth and Surrounding Area (Twin Ports), MN, United States of America",896,267,38
2018,"Curitiba, Paraná, Brazil",857,275,40
2018,"Vancouver, British Columbia, Canada",795,322,43
2018,"Padova, Italy",737,248,46
2018,"Amarillo Area, TX, United States of America",706,258,22
2018,"Hermosillo, Sonora, Mexico",702,264,40
2018,"Bangor, Lewiston & Portland, ME- United States of America",665,271,46
2018,"Plymouth, Devon, United Kingdom",581,277,16
2018,"Southern Oregon, OR, United States of America",469,286,34
2018,"Campo Grande, Mato Grosso do Sul, Brazil",444,252,13
2018,"Charlottesville, VA, United States of America",387,250,32
2018,"El Paso, TX, United States of America",302,141,17
2018,"Rio de Janeiro, Brazil",289,78,16
2018,"La Plata City, Buenos Aires, Argentina",270,147,18
2018,"Ahmedabad, Gujarat, India",270,88,11
2018,"Guimarães, Norte, Portugal",238,112,105
2018,"Florianópolis, Santa Catarina, Brazil",233,111,15
2018,"Maui, HI, United States of America",223,145,13
2018,"Salvador, Bahia, Brazil",220,52,6
2018,"Buenos Aires, Argentina",170,96,18
2018,"Palmer Station, Antarctica, United States of America",36,27,3
